stusps,countyname,fips,fmr_1
AL,Autauga County,1001,913
AL,Baldwin County,1003,1056
AL,Barbour County,1005,656
AL,Bibb County,1007,1109
AL,Blount County,1009,1109
AL,Bullock County,1011,666
AL,Butler County,1013,760
AL,Calhoun County,1015,687
AL,Chambers County,1017,820
AL,Cherokee County,1019,726
AL,Chilton County,1021,690
AL,Choctaw County,1023,666
AL,Clarke County,1025,666
AL,Clay County,1027,700
AL,Cleburne County,1029,694
AL,Coffee County,1031,725
AL,Colbert County,1033,720
AL,Conecuh County,1035,666
AL,Coosa County,1037,683
AL,Covington County,1039,652
AL,Crenshaw County,1041,652
AL,Cullman County,1043,772
AL,Dale County,1045,754
AL,Dallas County,1047,694
AL,DeKalb County,1049,652
AL,Elmore County,1051,913
AL,Escambia County,1053,705
AL,Etowah County,1055,817
AL,Fayette County,1057,763
AL,Franklin County,1059,763
AL,Geneva County,1061,739
AL,Greene County,1063,741
AL,Hale County,1065,909
AL,Henry County,1067,652
AL,Houston County,1069,739
AL,Jackson County,1071,748
AL,Jefferson County,1073,1109
AL,Lamar County,1075,720
AL,Lauderdale County,1077,720
AL,Lawrence County,1079,763
AL,Lee County,1081,901
AL,Limestone County,1083,1067
AL,Lowndes County,1085,913
AL,Macon County,1087,683
AL,Madison County,1089,1067
AL,Marengo County,1091,763
AL,Marion County,1093,652
AL,Marshall County,1095,659
AL,Mobile County,1097,890
AL,Monroe County,1099,763
AL,Montgomery County,1101,913
AL,Morgan County,1103,763
AL,Perry County,1105,671
AL,Pickens County,1107,687
AL,Pike County,1109,839
AL,Randolph County,1111,763
AL,Russell County,1113,881
AL,St. Clair County,1115,1109
AL,Shelby County,1117,1109
AL,Sumter County,1119,792
AL,Talladega County,1121,693
AL,Tallapoosa County,1123,698
AL,Tuscaloosa County,1125,909
AL,Walker County,1127,652
AL,Washington County,1129,785
AL,Wilcox County,1131,808
AL,Winston County,1133,652
AK,Aleutians East Borough,2013,1210
AK,Aleutians West Census Area,2016,1515
AK,Anchorage Municipality,2020,1107
AK,Bethel Census Area,2050,1597
AK,Bristol Bay Borough,2060,949
AK,Chugach Census Area,2063,1077
AK,Copper River Census Area,2066,906
AK,Denali Borough,2068,1083
AK,Dillingham Census Area,2070,1142
AK,Fairbanks North Star Borough,2090,1253
AK,Haines Borough,2100,1128
AK,Hoonah-Angoon Census Area,2105,1018
AK,Juneau City and Borough,2110,1307
AK,Kenai Peninsula Borough,2122,990
AK,Ketchikan Gateway Borough,2130,1177
AK,Kodiak Island Borough,2150,1379
AK,Kusilvak Census Area,2158,694
AK,Lake and Peninsula Borough,2164,820
AK,Matanuska-Susitna Borough,2170,974
AK,Nome Census Area,2180,1258
AK,North Slope Borough,2185,1447
AK,Northwest Arctic Borough,2188,1434
AK,Petersburg Borough,2195,1099
AK,Prince of Wales-Hyder Census Area,2198,927
AK,Sitka City and Borough,2220,1221
AK,Skagway Municipality,2230,1174
AK,Southeast Fairbanks Census Area,2240,1083
AK,Wrangell City and Borough,2275,839
AK,Yakutat City and Borough,2282,997
AK,Yukon-Koyukuk Census Area,2290,955
AZ,Apache County,4001,804
AZ,Cochise County,4003,913
AZ,Coconino County,4005,1537
AZ,Gila County,4007,960
AZ,Graham County,4009,933
AZ,Greenlee County,4011,974
AZ,La Paz County,4012,900
AZ,Maricopa County,4013,1599
AZ,Mohave County,4015,935
AZ,Navajo County,4017,906
AZ,Pima County,4019,1018
AZ,Pinal County,4021,1599
AZ,Santa Cruz County,4023,778
AZ,Yavapai County,4025,1140
AZ,Yuma County,4027,962
AR,Arkansas County,5001,652
AR,Ashley County,5003,657
AR,Baxter County,5005,678
AR,Benton County,5007,924
AR,Boone County,5009,647
AR,Bradley County,5011,645
AR,Calhoun County,5013,696
AR,Carroll County,5015,657
AR,Chicot County,5017,620
AR,Clark County,5019,712
AR,Clay County,5021,620
AR,Cleburne County,5023,667
AR,Cleveland County,5025,690
AR,Columbia County,5027,620
AR,Conway County,5029,620
AR,Craighead County,5031,767
AR,Crawford County,5033,678
AR,Crittenden County,5035,1146
AR,Cross County,5037,620
AR,Dallas County,5039,620
AR,Desha County,5041,634
AR,Drew County,5043,673
AR,Faulkner County,5045,950
AR,Franklin County,5047,642
AR,Fulton County,5049,620
AR,Garland County,5051,775
AR,Grant County,5053,748
AR,Greene County,5055,737
AR,Hempstead County,5057,660
AR,Hot Spring County,5059,620
AR,Howard County,5061,626
AR,Independence County,5063,623
AR,Izard County,5065,683
AR,Jackson County,5067,620
AR,Jefferson County,5069,690
AR,Johnson County,5071,628
AR,Lafayette County,5073,620
AR,Lawrence County,5075,620
AR,Lee County,5077,620
AR,Lincoln County,5079,690
AR,Little River County,5081,620
AR,Logan County,5083,725
AR,Lonoke County,5085,950
AR,Madison County,5087,924
AR,Marion County,5089,648
AR,Miller County,5091,784
AR,Mississippi County,5093,623
AR,Monroe County,5095,620
AR,Montgomery County,5097,725
AR,Nevada County,5099,671
AR,Newton County,5101,725
AR,Ouachita County,5103,700
AR,Perry County,5105,950
AR,Phillips County,5107,622
AR,Pike County,5109,641
AR,Poinsett County,5111,620
AR,Polk County,5113,662
AR,Pope County,5115,663
AR,Prairie County,5117,648
AR,Pulaski County,5119,950
AR,Randolph County,5121,725
AR,St. Francis County,5123,660
AR,Saline County,5125,950
AR,Scott County,5127,620
AR,Searcy County,5129,620
AR,Sebastian County,5131,678
AR,Sevier County,5133,624
AR,Sharp County,5135,620
AR,Stone County,5137,620
AR,Union County,5139,696
AR,Van Buren County,5141,620
AR,Washington County,5143,924
AR,White County,5145,704
AR,Woodruff County,5147,646
AR,Yell County,5149,636
CA,Alameda County,6001,2131
CA,Alpine County,6003,1005
CA,Amador County,6005,1135
CA,Butte County,6007,1091
CA,Calaveras County,6009,1055
CA,Colusa County,6011,829
CA,Contra Costa County,6013,2131
CA,Del Norte County,6015,970
CA,El Dorado County,6017,1666
CA,Fresno County,6019,1157
CA,Glenn County,6021,866
CA,Humboldt County,6023,1032
CA,Imperial County,6025,1001
CA,Inyo County,6027,1079
CA,Kern County,6029,967
CA,Kings County,6031,1087
CA,Lake County,6033,964
CA,Lassen County,6035,853
CA,Los Angeles County,6037,2006
CA,Madera County,6039,1090
CA,Marin County,6041,2818
CA,Mariposa County,6043,1010
CA,Mendocino County,6045,1132
CA,Merced County,6047,1159
CA,Modoc County,6049,802
CA,Mono County,6051,1292
CA,Monterey County,6053,2367
CA,Napa County,6055,2043
CA,Nevada County,6057,1217
CA,Orange County,6059,2344
CA,Placer County,6061,1666
CA,Plumas County,6063,887
CA,Riverside County,6065,1611
CA,Sacramento County,6067,1666
CA,San Benito County,6069,1917
CA,San Bernardino County,6071,1611
CA,San Diego County,6073,2248
CA,San Francisco County,6075,2818
CA,San Joaquin County,6077,1245
CA,San Luis Obispo County,6079,1731
CA,San Mateo County,6081,2818
CA,Santa Barbara County,6083,2651
CA,Santa Clara County,6085,2694
CA,Santa Cruz County,6087,3085
CA,Shasta County,6089,1132
CA,Sierra County,6091,1005
CA,Siskiyou County,6093,843
CA,Solano County,6095,1853
CA,Sonoma County,6097,1809
CA,Stanislaus County,6099,1188
CA,Sutter County,6101,1132
CA,Tehama County,6103,948
CA,Trinity County,6105,784
CA,Tulare County,6107,989
CA,Tuolumne County,6109,1032
CA,Ventura County,6111,2011
CA,Yolo County,6113,1507
CA,Yuba County,6115,1132
CO,Adams County,8001,1835
CO,Alamosa County,8003,820
CO,Arapahoe County,8005,1835
CO,Archuleta County,8007,1063
CO,Baca County,8009,689
CO,Bent County,8011,776
CO,Boulder County,8013,1823
CO,Broomfield County,8014,1835
CO,Chaffee County,8015,1086
CO,Cheyenne County,8017,706
CO,Clear Creek County,8019,1835
CO,Conejos County,8021,749
CO,Costilla County,8023,789
CO,Crowley County,8025,1030
CO,Custer County,8027,843
CO,Delta County,8029,889
CO,Denver County,8031,1835
CO,Dolores County,8033,817
CO,Douglas County,8035,1835
CO,Eagle County,8037,1765
CO,Elbert County,8039,1835
CO,El Paso County,8041,1408
CO,Fremont County,8043,918
CO,Garfield County,8045,1170
CO,Gilpin County,8047,1835
CO,Grand County,8049,1186
CO,Gunnison County,8051,1119
CO,Hinsdale County,8053,928
CO,Huerfano County,8055,817
CO,Jackson County,8057,689
CO,Jefferson County,8059,1835
CO,Kiowa County,8061,843
CO,Kit Carson County,8063,893
CO,Lake County,8065,1038
CO,La Plata County,8067,1402
CO,Larimer County,8069,1350
CO,Las Animas County,8071,895
CO,Lincoln County,8073,876
CO,Logan County,8075,862
CO,Mesa County,8077,865
CO,Mineral County,8079,1038
CO,Moffat County,8081,929
CO,Montezuma County,8083,966
CO,Montrose County,8085,920
CO,Morgan County,8087,948
CO,Otero County,8089,774
CO,Ouray County,8091,1349
CO,Park County,8093,1835
CO,Phillips County,8095,871
CO,Pitkin County,8097,1835
CO,Prowers County,8099,847
CO,Pueblo County,8101,881
CO,Rio Blanco County,8103,810
CO,Rio Grande County,8105,843
CO,Routt County,8107,1489
CO,Saguache County,8109,823
CO,San Juan County,8111,1324
CO,San Miguel County,8113,1473
CO,Sedgwick County,8115,806
CO,Summit County,8117,1690
CO,Teller County,8119,1352
CO,Washington County,8121,909
CO,Weld County,8123,1190
CO,Yuma County,8125,951
DE,Kent County,10001,1117
DE,New Castle County,10003,1451
DE,Sussex County,10005,988
DC,District of Columbia,11001,1803
FL,Alachua County,12001,1162
FL,Baker County,12003,807
FL,Bay County,12005,1297
FL,Bradford County,12007,806
FL,Brevard County,12009,1214
FL,Broward County,12011,1692
FL,Calhoun County,12013,806
FL,Charlotte County,12015,1121
FL,Citrus County,12017,853
FL,Clay County,12019,1354
FL,Collier County,12021,1493
FL,Columbia County,12023,793
FL,DeSoto County,12027,800
FL,Dixie County,12029,702
FL,Duval County,12031,1354
FL,Escambia County,12033,1098
FL,Flagler County,12035,1159
FL,Franklin County,12037,814
FL,Gadsden County,12039,1183
FL,Gilchrist County,12041,1162
FL,Glades County,12043,862
FL,Gulf County,12045,1023
FL,Hamilton County,12047,689
FL,Hardee County,12049,723
FL,Hendry County,12051,766
FL,Hernando County,12053,1562
FL,Highlands County,12055,850
FL,Hillsborough County,12057,1562
FL,Holmes County,12059,793
FL,Indian River County,12061,1195
FL,Jackson County,12063,712
FL,Jefferson County,12065,1183
FL,Lafayette County,12067,819
FL,Lake County,12069,1638
FL,Lee County,12071,1331
FL,Leon County,12073,1183
FL,Levy County,12075,715
FL,Liberty County,12077,778
FL,Madison County,12079,778
FL,Manatee County,12081,1502
FL,Marion County,12083,1043
FL,Martin County,12085,1286
FL,Miami-Dade County,12086,1884
FL,Monroe County,12087,1730
FL,Nassau County,12089,1354
FL,Okaloosa County,12091,1319
FL,Okeechobee County,12093,806
FL,Orange County,12095,1638
FL,Osceola County,12097,1638
FL,Palm Beach County,12099,1851
FL,Pasco County,12101,1562
FL,Pinellas County,12103,1562
FL,Polk County,12105,1012
FL,Putnam County,12107,693
FL,St. Johns County,12109,1354
FL,St. Lucie County,12111,1286
FL,Santa Rosa County,12113,1098
FL,Sarasota County,12115,1502
FL,Seminole County,12117,1638
FL,Sumter County,12119,951
FL,Suwannee County,12121,713
FL,Taylor County,12123,778
FL,Union County,12125,689
FL,Volusia County,12127,1152
FL,Wakulla County,12129,1046
FL,Walton County,12131,1061
FL,Washington County,12133,772
GA,Appling County,13001,697
GA,Atkinson County,13003,729
GA,Bacon County,13005,697
GA,Baker County,13007,697
GA,Baldwin County,13009,838
GA,Banks County,13011,773
GA,Barrow County,13013,1643
GA,Bartow County,13015,1643
GA,Ben Hill County,13017,760
GA,Berrien County,13019,674
GA,Bibb County,13021,999
GA,Bleckley County,13023,674
GA,Brantley County,13025,963
GA,Brooks County,13027,792
GA,Bryan County,13029,1287
GA,Bulloch County,13031,837
GA,Burke County,13033,961
GA,Butts County,13035,954
GA,Calhoun County,13037,697
GA,Camden County,13039,906
GA,Candler County,13043,697
GA,Carroll County,13045,1643
GA,Catoosa County,13047,1085
GA,Charlton County,13049,788
GA,Chatham County,13051,1287
GA,Chattahoochee County,13053,881
GA,Chattooga County,13055,682
GA,Cherokee County,13057,1643
GA,Clarke County,13059,1041
GA,Clay County,13061,697
GA,Clayton County,13063,1643
GA,Clinch County,13065,697
GA,Cobb County,13067,1643
GA,Coffee County,13069,684
GA,Colquitt County,13071,674
GA,Columbia County,13073,961
GA,Cook County,13075,697
GA,Coweta County,13077,1643
GA,Crawford County,13079,999
GA,Crisp County,13081,752
GA,Dade County,13083,1085
GA,Dawson County,13085,1643
GA,Decatur County,13087,754
GA,DeKalb County,13089,1643
GA,Dodge County,13091,674
GA,Dooly County,13093,720
GA,Dougherty County,13095,860
GA,Douglas County,13097,1643
GA,Early County,13099,788
GA,Echols County,13101,792
GA,Effingham County,13103,1287
GA,Elbert County,13105,689
GA,Emanuel County,13107,788
GA,Evans County,13109,741
GA,Fannin County,13111,711
GA,Fayette County,13113,1643
GA,Floyd County,13115,834
GA,Forsyth County,13117,1643
GA,Franklin County,13119,674
GA,Fulton County,13121,1643
GA,Gilmer County,13123,712
GA,Glascock County,13125,788
GA,Glynn County,13127,963
GA,Gordon County,13129,745
GA,Grady County,13131,686
GA,Greene County,13133,718
GA,Gwinnett County,13135,1643
GA,Habersham County,13137,787
GA,Hall County,13139,1235
GA,Hancock County,13141,697
GA,Haralson County,13143,859
GA,Harris County,13145,881
GA,Hart County,13147,756
GA,Heard County,13149,1643
GA,Henry County,13151,1643
GA,Houston County,13153,1080
GA,Irwin County,13155,697
GA,Jackson County,13157,815
GA,Jasper County,13159,1643
GA,Jeff Davis County,13161,697
GA,Jefferson County,13163,698
GA,Jenkins County,13165,697
GA,Johnson County,13167,788
GA,Jones County,13169,999
GA,Lamar County,13171,823
GA,Lanier County,13173,792
GA,Laurens County,13175,674
GA,Lee County,13177,860
GA,Liberty County,13179,1069
GA,Lincoln County,13181,674
GA,Long County,13183,810
GA,Lowndes County,13185,792
GA,Lumpkin County,13187,850
GA,McDuffie County,13189,961
GA,McIntosh County,13191,963
GA,Macon County,13193,674
GA,Madison County,13195,1041
GA,Marion County,13197,881
GA,Meriwether County,13199,807
GA,Miller County,13201,697
GA,Mitchell County,13205,788
GA,Monroe County,13207,883
GA,Montgomery County,13209,674
GA,Morgan County,13211,1006
GA,Murray County,13213,700
GA,Muscogee County,13215,881
GA,Newton County,13217,1643
GA,Oconee County,13219,1041
GA,Oglethorpe County,13221,1041
GA,Paulding County,13223,1643
GA,Peach County,13225,787
GA,Pickens County,13227,1643
GA,Pierce County,13229,722
GA,Pike County,13231,1643
GA,Polk County,13233,703
GA,Pulaski County,13235,699
GA,Putnam County,13237,805
GA,Quitman County,13239,697
GA,Rabun County,13241,744
GA,Randolph County,13243,685
GA,Richmond County,13245,961
GA,Rockdale County,13247,1643
GA,Schley County,13249,697
GA,Screven County,13251,674
GA,Seminole County,13253,697
GA,Spalding County,13255,1643
GA,Stephens County,13257,707
GA,Stewart County,13259,674
GA,Sumter County,13261,704
GA,Talbot County,13263,757
GA,Taliaferro County,13265,700
GA,Tattnall County,13267,732
GA,Taylor County,13269,697
GA,Telfair County,13271,697
GA,Terrell County,13273,860
GA,Thomas County,13275,926
GA,Tift County,13277,786
GA,Toombs County,13279,674
GA,Towns County,13281,788
GA,Treutlen County,13283,674
GA,Troup County,13285,792
GA,Turner County,13287,697
GA,Twiggs County,13289,999
GA,Union County,13291,697
GA,Upson County,13293,788
GA,Walker County,13295,1085
GA,Walton County,13297,1643
GA,Ware County,13299,706
GA,Warren County,13301,697
GA,Washington County,13303,769
GA,Wayne County,13305,674
GA,Webster County,13307,697
GA,Wheeler County,13309,767
GA,White County,13311,885
GA,Whitfield County,13313,737
GA,Wilcox County,13315,697
GA,Wilkes County,13317,674
GA,Wilkinson County,13319,788
GA,Worth County,13321,860
HI,Hawaii County,15001,1548
HI,Honolulu County,15003,1720
HI,Kalawao County,15005,1296
HI,Kauai County,15007,1805
HI,Maui County,15009,1701
ID,Ada County,16001,1139
ID,Adams County,16003,831
ID,Bannock County,16005,751
ID,Bear Lake County,16007,695
ID,Benewah County,16009,773
ID,Bingham County,16011,689
ID,Blaine County,16013,1039
ID,Boise County,16015,1139
ID,Bonner County,16017,830
ID,Bonneville County,16019,903
ID,Boundary County,16021,696
ID,Butte County,16023,819
ID,Camas County,16025,767
ID,Canyon County,16027,1139
ID,Caribou County,16029,689
ID,Cassia County,16031,710
ID,Clark County,16033,767
ID,Clearwater County,16035,753
ID,Custer County,16037,748
ID,Elmore County,16039,797
ID,Franklin County,16041,836
ID,Fremont County,16043,806
ID,Gem County,16045,814
ID,Gooding County,16047,766
ID,Idaho County,16049,785
ID,Jefferson County,16051,903
ID,Jerome County,16053,782
ID,Kootenai County,16055,1042
ID,Latah County,16057,763
ID,Lemhi County,16059,733
ID,Lewis County,16061,689
ID,Lincoln County,16063,726
ID,Madison County,16065,929
ID,Minidoka County,16067,782
ID,Nez Perce County,16069,860
ID,Oneida County,16071,787
ID,Owyhee County,16073,1139
ID,Payette County,16075,772
ID,Power County,16077,697
ID,Shoshone County,16079,729
ID,Teton County,16081,1044
ID,Twin Falls County,16083,806
ID,Valley County,16085,954
ID,Washington County,16087,794
IL,Adams County,17001,666
IL,Alexander County,17003,742
IL,Bond County,17005,794
IL,Boone County,17007,785
IL,Brown County,17009,632
IL,Bureau County,17011,677
IL,Calhoun County,17013,972
IL,Carroll County,17015,650
IL,Cass County,17017,633
IL,Champaign County,17019,885
IL,Christian County,17021,644
IL,Clark County,17023,688
IL,Clay County,17025,630
IL,Clinton County,17027,972
IL,Coles County,17029,645
IL,Cook County,17031,1507
IL,Crawford County,17033,678
IL,Cumberland County,17035,614
IL,DeKalb County,17037,1014
IL,De Witt County,17039,628
IL,Douglas County,17041,703
IL,DuPage County,17043,1507
IL,Edgar County,17045,702
IL,Edwards County,17047,614
IL,Effingham County,17049,629
IL,Fayette County,17051,708
IL,Ford County,17053,614
IL,Franklin County,17055,614
IL,Fulton County,17057,654
IL,Gallatin County,17059,711
IL,Greene County,17061,642
IL,Grundy County,17063,1134
IL,Hamilton County,17065,653
IL,Hancock County,17067,680
IL,Hardin County,17069,614
IL,Henderson County,17071,641
IL,Henry County,17073,773
IL,Iroquois County,17075,619
IL,Jackson County,17077,714
IL,Jasper County,17079,631
IL,Jefferson County,17081,683
IL,Jersey County,17083,972
IL,Jo Daviess County,17085,680
IL,Johnson County,17087,727
IL,Kane County,17089,1507
IL,Kankakee County,17091,886
IL,Kendall County,17093,1325
IL,Knox County,17095,614
IL,Lake County,17097,1507
IL,La Salle County,17099,699
IL,Lawrence County,17101,614
IL,Lee County,17103,710
IL,Livingston County,17105,678
IL,Logan County,17107,666
IL,McDonough County,17109,672
IL,McHenry County,17111,1507
IL,McLean County,17113,869
IL,Macon County,17115,770
IL,Macoupin County,17117,717
IL,Madison County,17119,972
IL,Marion County,17121,666
IL,Marshall County,17123,756
IL,Mason County,17125,647
IL,Massac County,17127,675
IL,Menard County,17129,873
IL,Mercer County,17131,773
IL,Monroe County,17133,972
IL,Montgomery County,17135,614
IL,Morgan County,17137,614
IL,Moultrie County,17139,616
IL,Ogle County,17141,709
IL,Peoria County,17143,756
IL,Perry County,17145,614
IL,Piatt County,17147,885
IL,Pike County,17149,614
IL,Pope County,17151,617
IL,Pulaski County,17153,658
IL,Putnam County,17155,677
IL,Randolph County,17157,614
IL,Richland County,17159,719
IL,Rock Island County,17161,773
IL,St. Clair County,17163,972
IL,Saline County,17165,614
IL,Sangamon County,17167,873
IL,Schuyler County,17169,719
IL,Scott County,17171,620
IL,Shelby County,17173,637
IL,Stark County,17175,756
IL,Stephenson County,17177,620
IL,Tazewell County,17179,756
IL,Union County,17181,668
IL,Vermilion County,17183,728
IL,Wabash County,17185,614
IL,Warren County,17187,620
IL,Washington County,17189,741
IL,Wayne County,17191,614
IL,White County,17193,635
IL,Whiteside County,17195,644
IL,Will County,17197,1507
IL,Williamson County,17199,744
IL,Winnebago County,17201,785
IL,Woodford County,17203,756
IN,Adams County,18001,657
IN,Allen County,18003,895
IN,Bartholomew County,18005,1065
IN,Benton County,18007,908
IN,Blackford County,18009,761
IN,Boone County,18011,1145
IN,Brown County,18013,1145
IN,Carroll County,18015,657
IN,Cass County,18017,721
IN,Clark County,18019,1077
IN,Clay County,18021,766
IN,Clinton County,18023,707
IN,Crawford County,18025,769
IN,Daviess County,18027,673
IN,Dearborn County,18029,919
IN,Decatur County,18031,751
IN,DeKalb County,18033,657
IN,Delaware County,18035,784
IN,Dubois County,18037,657
IN,Elkhart County,18039,879
IN,Fayette County,18041,657
IN,Floyd County,18043,1077
IN,Fountain County,18045,657
IN,Franklin County,18047,715
IN,Fulton County,18049,658
IN,Gibson County,18051,727
IN,Grant County,18053,684
IN,Greene County,18055,672
IN,Hamilton County,18057,1145
IN,Hancock County,18059,1145
IN,Harrison County,18061,1077
IN,Hendricks County,18063,1145
IN,Henry County,18065,682
IN,Howard County,18067,793
IN,Huntington County,18069,675
IN,Jackson County,18071,712
IN,Jasper County,18073,874
IN,Jay County,18075,657
IN,Jefferson County,18077,740
IN,Jennings County,18079,657
IN,Johnson County,18081,1145
IN,Knox County,18083,677
IN,Kosciusko County,18085,790
IN,LaGrange County,18087,657
IN,Lake County,18089,1027
IN,LaPorte County,18091,823
IN,Lawrence County,18093,663
IN,Madison County,18095,868
IN,Marion County,18097,1145
IN,Marshall County,18099,727
IN,Martin County,18101,657
IN,Miami County,18103,692
IN,Monroe County,18105,979
IN,Montgomery County,18107,684
IN,Morgan County,18109,1145
IN,Newton County,18111,1027
IN,Noble County,18113,667
IN,Ohio County,18115,919
IN,Orange County,18117,657
IN,Owen County,18119,684
IN,Parke County,18121,752
IN,Perry County,18123,671
IN,Pike County,18125,769
IN,Porter County,18127,1027
IN,Posey County,18129,850
IN,Pulaski County,18131,769
IN,Putnam County,18133,855
IN,Randolph County,18135,657
IN,Ripley County,18137,673
IN,Rush County,18139,670
IN,St. Joseph County,18141,862
IN,Scott County,18143,732
IN,Shelby County,18145,1145
IN,Spencer County,18147,657
IN,Starke County,18149,687
IN,Steuben County,18151,726
IN,Sullivan County,18153,703
IN,Switzerland County,18155,657
IN,Tippecanoe County,18157,908
IN,Tipton County,18159,705
IN,Union County,18161,714
IN,Vanderburgh County,18163,850
IN,Vermillion County,18165,766
IN,Vigo County,18167,766
IN,Wabash County,18169,659
IN,Warren County,18171,740
IN,Warrick County,18173,850
IN,Washington County,18175,753
IN,Wayne County,18177,657
IN,Wells County,18179,660
IN,White County,18181,683
IN,Whitley County,18183,895
IA,Adair County,19001,656
IA,Adams County,19003,705
IA,Allamakee County,19005,656
IA,Appanoose County,19007,656
IA,Audubon County,19009,714
IA,Benton County,19011,656
IA,Black Hawk County,19013,737
IA,Boone County,19015,685
IA,Bremer County,19017,676
IA,Buchanan County,19019,700
IA,Buena Vista County,19021,693
IA,Butler County,19023,656
IA,Calhoun County,19025,695
IA,Carroll County,19027,656
IA,Cass County,19029,697
IA,Cedar County,19031,702
IA,Cerro Gordo County,19033,677
IA,Cherokee County,19035,768
IA,Chickasaw County,19037,687
IA,Clarke County,19039,656
IA,Clay County,19041,700
IA,Clayton County,19043,656
IA,Clinton County,19045,684
IA,Crawford County,19047,768
IA,Dallas County,19049,899
IA,Davis County,19051,699
IA,Decatur County,19053,656
IA,Delaware County,19055,726
IA,Des Moines County,19057,783
IA,Dickinson County,19059,794
IA,Dubuque County,19061,712
IA,Emmet County,19063,704
IA,Fayette County,19065,656
IA,Floyd County,19067,663
IA,Franklin County,19069,656
IA,Fremont County,19071,656
IA,Greene County,19073,656
IA,Grundy County,19075,737
IA,Guthrie County,19077,899
IA,Hamilton County,19079,720
IA,Hancock County,19081,700
IA,Hardin County,19083,656
IA,Harrison County,19085,971
IA,Henry County,19087,682
IA,Howard County,19089,768
IA,Humboldt County,19091,701
IA,Ida County,19093,656
IA,Iowa County,19095,696
IA,Jackson County,19097,656
IA,Jasper County,19099,656
IA,Jefferson County,19101,743
IA,Johnson County,19103,902
IA,Jones County,19105,669
IA,Keokuk County,19107,708
IA,Kossuth County,19109,691
IA,Lee County,19111,672
IA,Linn County,19113,716
IA,Louisa County,19115,688
IA,Lucas County,19117,747
IA,Lyon County,19119,750
IA,Madison County,19121,899
IA,Mahaska County,19123,663
IA,Marion County,19125,737
IA,Marshall County,19127,723
IA,Mills County,19129,971
IA,Mitchell County,19131,656
IA,Monona County,19133,656
IA,Monroe County,19135,657
IA,Montgomery County,19137,750
IA,Muscatine County,19139,767
IA,O'Brien County,19141,656
IA,Osceola County,19143,662
IA,Page County,19145,656
IA,Palo Alto County,19147,656
IA,Plymouth County,19149,701
IA,Pocahontas County,19151,656
IA,Polk County,19153,899
IA,Pottawattamie County,19155,971
IA,Poweshiek County,19157,806
IA,Ringgold County,19159,729
IA,Sac County,19161,711
IA,Scott County,19163,773
IA,Shelby County,19165,755
IA,Sioux County,19167,695
IA,Story County,19169,918
IA,Tama County,19171,683
IA,Taylor County,19173,656
IA,Union County,19175,656
IA,Van Buren County,19177,768
IA,Wapello County,19179,759
IA,Warren County,19181,899
IA,Washington County,19183,680
IA,Wayne County,19185,675
IA,Webster County,19187,657
IA,Winnebago County,19189,665
IA,Winneshiek County,19191,656
IA,Woodbury County,19193,780
IA,Worth County,19195,668
IA,Wright County,19197,656
KS,Allen County,20001,671
KS,Anderson County,20003,736
KS,Atchison County,20005,671
KS,Barber County,20007,786
KS,Barton County,20009,719
KS,Bourbon County,20011,702
KS,Brown County,20013,671
KS,Butler County,20015,774
KS,Chase County,20017,671
KS,Chautauqua County,20019,671
KS,Cherokee County,20021,671
KS,Cheyenne County,20023,718
KS,Clark County,20025,786
KS,Clay County,20027,674
KS,Cloud County,20029,671
KS,Coffey County,20031,719
KS,Comanche County,20033,671
KS,Cowley County,20035,671
KS,Crawford County,20037,703
KS,Decatur County,20039,677
KS,Dickinson County,20041,671
KS,Doniphan County,20043,734
KS,Douglas County,20045,869
KS,Edwards County,20047,698
KS,Elk County,20049,726
KS,Ellis County,20051,721
KS,Ellsworth County,20053,684
KS,Finney County,20055,782
KS,Ford County,20057,760
KS,Franklin County,20059,766
KS,Geary County,20061,739
KS,Gove County,20063,786
KS,Graham County,20065,671
KS,Grant County,20067,671
KS,Gray County,20069,784
KS,Greeley County,20071,690
KS,Greenwood County,20073,671
KS,Hamilton County,20075,711
KS,Harper County,20077,671
KS,Harvey County,20079,774
KS,Haskell County,20081,671
KS,Hodgeman County,20083,677
KS,Jackson County,20085,731
KS,Jefferson County,20087,731
KS,Jewell County,20089,786
KS,Johnson County,20091,1098
KS,Kearny County,20093,830
KS,Kingman County,20095,700
KS,Kiowa County,20097,671
KS,Labette County,20099,671
KS,Lane County,20101,671
KS,Leavenworth County,20103,1098
KS,Lincoln County,20105,671
KS,Linn County,20107,1098
KS,Logan County,20109,745
KS,Lyon County,20111,686
KS,McPherson County,20113,684
KS,Marion County,20115,684
KS,Marshall County,20117,675
KS,Meade County,20119,671
KS,Miami County,20121,1098
KS,Mitchell County,20123,713
KS,Montgomery County,20125,671
KS,Morris County,20127,712
KS,Morton County,20129,671
KS,Nemaha County,20131,717
KS,Neosho County,20133,671
KS,Ness County,20135,671
KS,Norton County,20137,684
KS,Osage County,20139,731
KS,Osborne County,20141,671
KS,Ottawa County,20143,741
KS,Pawnee County,20145,671
KS,Phillips County,20147,671
KS,Pottawatomie County,20149,817
KS,Pratt County,20151,786
KS,Rawlins County,20153,671
KS,Reno County,20155,741
KS,Republic County,20157,786
KS,Rice County,20159,730
KS,Riley County,20161,817
KS,Rooks County,20163,671
KS,Rush County,20165,786
KS,Russell County,20167,786
KS,Saline County,20169,794
KS,Scott County,20171,671
KS,Sedgwick County,20173,774
KS,Seward County,20175,796
KS,Shawnee County,20177,731
KS,Sheridan County,20179,695
KS,Sherman County,20181,728
KS,Smith County,20183,778
KS,Stafford County,20185,671
KS,Stanton County,20187,671
KS,Stevens County,20189,686
KS,Sumner County,20191,725
KS,Thomas County,20193,671
KS,Trego County,20195,729
KS,Wabaunsee County,20197,731
KS,Wallace County,20199,671
KS,Washington County,20201,671
KS,Wichita County,20203,786
KS,Wilson County,20205,671
KS,Woodson County,20207,720
KS,Wyandotte County,20209,1098
KY,Adair County,21001,663
KY,Allen County,21003,726
KY,Anderson County,21005,854
KY,Ballard County,21007,668
KY,Barren County,21009,662
KY,Bath County,21011,720
KY,Bell County,21013,757
KY,Boone County,21015,919
KY,Bourbon County,21017,983
KY,Boyd County,21019,815
KY,Boyle County,21021,706
KY,Bracken County,21023,919
KY,Breathitt County,21025,743
KY,Breckinridge County,21027,729
KY,Bullitt County,21029,1077
KY,Butler County,21031,647
KY,Caldwell County,21033,746
KY,Calloway County,21035,810
KY,Campbell County,21037,919
KY,Carlisle County,21039,647
KY,Carroll County,21041,757
KY,Carter County,21043,647
KY,Casey County,21045,757
KY,Christian County,21047,970
KY,Clark County,21049,983
KY,Clay County,21051,675
KY,Clinton County,21053,669
KY,Crittenden County,21055,647
KY,Cumberland County,21057,647
KY,Daviess County,21059,830
KY,Edmonson County,21061,944
KY,Elliott County,21063,731
KY,Estill County,21065,647
KY,Fayette County,21067,983
KY,Fleming County,21069,729
KY,Floyd County,21071,668
KY,Franklin County,21073,831
KY,Fulton County,21075,672
KY,Gallatin County,21077,919
KY,Garrard County,21079,787
KY,Grant County,21081,742
KY,Graves County,21083,647
KY,Grayson County,21085,682
KY,Green County,21087,757
KY,Greenup County,21089,815
KY,Hancock County,21091,830
KY,Hardin County,21093,790
KY,Harlan County,21095,673
KY,Harrison County,21097,724
KY,Hart County,21099,647
KY,Henderson County,21101,850
KY,Henry County,21103,1077
KY,Hickman County,21105,647
KY,Hopkins County,21107,695
KY,Jackson County,21109,647
KY,Jefferson County,21111,1077
KY,Jessamine County,21113,983
KY,Johnson County,21115,647
KY,Kenton County,21117,919
KY,Knott County,21119,663
KY,Knox County,21121,664
KY,Larue County,21123,790
KY,Laurel County,21125,665
KY,Lawrence County,21127,647
KY,Lee County,21129,647
KY,Leslie County,21131,757
KY,Letcher County,21133,733
KY,Lewis County,21135,705
KY,Lincoln County,21137,686
KY,Livingston County,21139,663
KY,Logan County,21141,660
KY,Lyon County,21143,658
KY,McCracken County,21145,755
KY,McCreary County,21147,757
KY,McLean County,21149,830
KY,Madison County,21151,794
KY,Magoffin County,21153,757
KY,Marion County,21155,660
KY,Marshall County,21157,780
KY,Martin County,21159,647
KY,Mason County,21161,752
KY,Meade County,21163,788
KY,Menifee County,21165,663
KY,Mercer County,21167,647
KY,Metcalfe County,21169,655
KY,Monroe County,21171,647
KY,Montgomery County,21173,647
KY,Morgan County,21175,647
KY,Muhlenberg County,21177,647
KY,Nelson County,21179,680
KY,Nicholas County,21181,647
KY,Ohio County,21183,656
KY,Oldham County,21185,1077
KY,Owen County,21187,681
KY,Owsley County,21189,663
KY,Pendleton County,21191,919
KY,Perry County,21193,710
KY,Pike County,21195,784
KY,Powell County,21197,656
KY,Pulaski County,21199,699
KY,Robertson County,21201,647
KY,Rockcastle County,21203,647
KY,Rowan County,21205,704
KY,Russell County,21207,647
KY,Scott County,21209,983
KY,Shelby County,21211,965
KY,Simpson County,21213,761
KY,Spencer County,21215,1077
KY,Taylor County,21217,744
KY,Todd County,21219,647
KY,Trigg County,21221,970
KY,Trimble County,21223,656
KY,Union County,21225,694
KY,Warren County,21227,944
KY,Washington County,21229,690
KY,Wayne County,21231,699
KY,Webster County,21233,659
KY,Whitley County,21235,647
KY,Wolfe County,21237,757
KY,Woodford County,21239,983
LA,Acadia Parish,22001,626
LA,Allen Parish,22003,679
LA,Ascension Parish,22005,1124
LA,Assumption Parish,22007,886
LA,Avoyelles Parish,22009,651
LA,Beauregard Parish,22011,741
LA,Bienville Parish,22013,727
LA,Bossier Parish,22015,927
LA,Caddo Parish,22017,927
LA,Calcasieu Parish,22019,840
LA,Caldwell Parish,22021,722
LA,Cameron Parish,22023,840
LA,Catahoula Parish,22025,722
LA,Claiborne Parish,22027,626
LA,Concordia Parish,22029,626
LA,De Soto Parish,22031,927
LA,East Baton Rouge Parish,22033,1124
LA,East Carroll Parish,22035,626
LA,East Feliciana Parish,22037,1124
LA,Evangeline Parish,22039,669
LA,Franklin Parish,22041,702
LA,Grant Parish,22043,757
LA,Iberia Parish,22045,690
LA,Iberville Parish,22047,818
LA,Jackson Parish,22049,732
LA,Jefferson Parish,22051,1149
LA,Jefferson Davis Parish,22053,672
LA,Lafayette Parish,22055,921
LA,Lafourche Parish,22057,900
LA,La Salle Parish,22059,639
LA,Lincoln Parish,22061,727
LA,Livingston Parish,22063,1124
LA,Madison Parish,22065,626
LA,Morehouse Parish,22067,650
LA,Natchitoches Parish,22069,748
LA,Orleans Parish,22071,1149
LA,Ouachita Parish,22073,757
LA,Plaquemines Parish,22075,1149
LA,Pointe Coupee Parish,22077,1124
LA,Rapides Parish,22079,757
LA,Red River Parish,22081,626
LA,Richland Parish,22083,649
LA,Sabine Parish,22085,679
LA,St. Bernard Parish,22087,1149
LA,St. Charles Parish,22089,1149
LA,St. Helena Parish,22091,1124
LA,St. James Parish,22093,715
LA,St. John the Baptist Parish,22095,1149
LA,St. Landry Parish,22097,626
LA,St. Martin Parish,22099,921
LA,St. Mary Parish,22101,740
LA,St. Tammany Parish,22103,1149
LA,Tangipahoa Parish,22105,834
LA,Tensas Parish,22107,626
LA,Terrebonne Parish,22109,900
LA,Union Parish,22111,757
LA,Vermilion Parish,22113,732
LA,Vernon Parish,22115,794
LA,Washington Parish,22117,732
LA,Webster Parish,22119,626
LA,West Baton Rouge Parish,22121,1124
LA,West Carroll Parish,22123,626
LA,West Feliciana Parish,22125,1124
LA,Winn Parish,22127,732
MD,Allegany County,24001,736
MD,Anne Arundel County,24003,1582
MD,Baltimore County,24005,1582
MD,Calvert County,24009,1803
MD,Caroline County,24011,938
MD,Carroll County,24013,1582
MD,Cecil County,24015,1451
MD,Charles County,24017,1803
MD,Dorchester County,24019,896
MD,Frederick County,24021,1803
MD,Garrett County,24023,795
MD,Harford County,24025,1582
MD,Howard County,24027,1582
MD,Kent County,24029,1111
MD,Montgomery County,24031,1803
MD,Prince George's County,24033,1803
MD,Queen Anne's County,24035,1582
MD,St. Mary's County,24037,1492
MD,Somerset County,24039,837
MD,Talbot County,24041,1229
MD,Washington County,24043,932
MD,Wicomico County,24045,998
MD,Worcester County,24047,1020
MD,Baltimore city,24510,1582
MA,Nantucket County,25019,1922
MI,Alcona County,26001,789
MI,Alger County,26003,768
MI,Allegan County,26005,838
MI,Alpena County,26007,748
MI,Antrim County,26009,826
MI,Arenac County,26011,689
MI,Baraga County,26013,704
MI,Barry County,26015,810
MI,Bay County,26017,736
MI,Benzie County,26019,860
MI,Berrien County,26021,811
MI,Branch County,26023,752
MI,Calhoun County,26025,854
MI,Cass County,26027,798
MI,Charlevoix County,26029,784
MI,Cheboygan County,26031,760
MI,Chippewa County,26033,782
MI,Clare County,26035,689
MI,Clinton County,26037,887
MI,Crawford County,26039,812
MI,Delta County,26041,689
MI,Dickinson County,26043,763
MI,Eaton County,26045,887
MI,Emmet County,26047,900
MI,Genesee County,26049,854
MI,Gladwin County,26051,689
MI,Gogebic County,26053,720
MI,Grand Traverse County,26055,1061
MI,Gratiot County,26057,743
MI,Hillsdale County,26059,725
MI,Houghton County,26061,758
MI,Huron County,26063,717
MI,Ingham County,26065,887
MI,Ionia County,26067,843
MI,Iosco County,26069,730
MI,Iron County,26071,689
MI,Isabella County,26073,815
MI,Jackson County,26075,884
MI,Kalamazoo County,26077,878
MI,Kalkaska County,26079,689
MI,Kent County,26081,1142
MI,Keweenaw County,26083,802
MI,Lake County,26085,734
MI,Lapeer County,26087,1019
MI,Leelanau County,26089,993
MI,Lenawee County,26091,809
MI,Livingston County,26093,1155
MI,Luce County,26095,725
MI,Mackinac County,26097,729
MI,Macomb County,26099,1019
MI,Manistee County,26101,779
MI,Marquette County,26103,876
MI,Mason County,26105,740
MI,Mecosta County,26107,799
MI,Menominee County,26109,728
MI,Midland County,26111,820
MI,Missaukee County,26113,715
MI,Monroe County,26115,885
MI,Montcalm County,26117,818
MI,Montmorency County,26119,806
MI,Muskegon County,26121,811
MI,Newaygo County,26123,708
MI,Oakland County,26125,1019
MI,Oceana County,26127,704
MI,Ogemaw County,26129,806
MI,Ontonagon County,26131,806
MI,Osceola County,26133,689
MI,Oscoda County,26135,702
MI,Otsego County,26137,764
MI,Ottawa County,26139,1115
MI,Presque Isle County,26141,689
MI,Roscommon County,26143,689
MI,Saginaw County,26145,764
MI,St. Clair County,26147,1019
MI,St. Joseph County,26149,712
MI,Sanilac County,26151,689
MI,Schoolcraft County,26153,715
MI,Shiawassee County,26155,689
MI,Tuscola County,26157,746
MI,Van Buren County,26159,734
MI,Washtenaw County,26161,1234
MI,Wayne County,26163,1019
MI,Wexford County,26165,738
MN,Aitkin County,27001,709
MN,Anoka County,27003,1327
MN,Becker County,27005,801
MN,Beltrami County,27007,851
MN,Benton County,27009,906
MN,Big Stone County,27011,775
MN,Blue Earth County,27013,903
MN,Brown County,27015,689
MN,Carlton County,27017,868
MN,Carver County,27019,1327
MN,Cass County,27021,849
MN,Chippewa County,27023,767
MN,Chisago County,27025,1327
MN,Clay County,27027,781
MN,Clearwater County,27029,712
MN,Cook County,27031,806
MN,Cottonwood County,27033,751
MN,Crow Wing County,27035,840
MN,Dakota County,27037,1327
MN,Dodge County,27039,927
MN,Douglas County,27041,789
MN,Faribault County,27043,726
MN,Fillmore County,27045,689
MN,Freeborn County,27047,740
MN,Goodhue County,27049,874
MN,Grant County,27051,691
MN,Hennepin County,27053,1327
MN,Houston County,27055,866
MN,Hubbard County,27057,750
MN,Isanti County,27059,1327
MN,Itasca County,27061,817
MN,Jackson County,27063,695
MN,Kanabec County,27065,819
MN,Kandiyohi County,27067,773
MN,Kittson County,27069,689
MN,Koochiching County,27071,689
MN,Lac qui Parle County,27073,744
MN,Lake County,27075,860
MN,Lake of the Woods County,27077,741
MN,Le Sueur County,27079,845
MN,Lincoln County,27081,689
MN,Lyon County,27083,715
MN,McLeod County,27085,737
MN,Mahnomen County,27087,689
MN,Marshall County,27089,696
MN,Martin County,27091,700
MN,Meeker County,27093,766
MN,Mille Lacs County,27095,861
MN,Morrison County,27097,712
MN,Mower County,27099,826
MN,Murray County,27101,704
MN,Nicollet County,27103,903
MN,Nobles County,27105,811
MN,Norman County,27107,714
MN,Olmsted County,27109,927
MN,Otter Tail County,27111,718
MN,Pennington County,27113,837
MN,Pine County,27115,872
MN,Pipestone County,27117,697
MN,Polk County,27119,736
MN,Pope County,27121,804
MN,Ramsey County,27123,1327
MN,Red Lake County,27125,689
MN,Redwood County,27127,693
MN,Renville County,27129,742
MN,Rice County,27131,918
MN,Rock County,27133,716
MN,Roseau County,27135,754
MN,St. Louis County,27137,868
MN,Scott County,27139,1327
MN,Sherburne County,27141,1327
MN,Sibley County,27143,762
MN,Stearns County,27145,906
MN,Steele County,27147,814
MN,Stevens County,27149,738
MN,Swift County,27151,689
MN,Todd County,27153,774
MN,Traverse County,27155,712
MN,Wabasha County,27157,806
MN,Wadena County,27159,756
MN,Waseca County,27161,689
MN,Washington County,27163,1327
MN,Watonwan County,27165,806
MN,Wilkin County,27167,689
MN,Winona County,27169,818
MN,Wright County,27171,1327
MN,Yellow Medicine County,27173,689
MS,Adams County,28001,804
MS,Alcorn County,28003,712
MS,Amite County,28005,693
MS,Attala County,28007,687
MS,Benton County,28009,804
MS,Bolivar County,28011,687
MS,Calhoun County,28013,687
MS,Carroll County,28015,725
MS,Chickasaw County,28017,687
MS,Choctaw County,28019,687
MS,Claiborne County,28021,742
MS,Clarke County,28023,825
MS,Clay County,28025,804
MS,Coahoma County,28027,804
MS,Copiah County,28029,997
MS,Covington County,28031,749
MS,DeSoto County,28033,1146
MS,Forrest County,28035,906
MS,Franklin County,28037,804
MS,George County,28039,742
MS,Greene County,28041,704
MS,Grenada County,28043,690
MS,Hancock County,28045,923
MS,Harrison County,28047,923
MS,Hinds County,28049,997
MS,Holmes County,28051,804
MS,Humphreys County,28053,804
MS,Issaquena County,28055,742
MS,Itawamba County,28057,732
MS,Jackson County,28059,957
MS,Jasper County,28061,742
MS,Jefferson County,28063,687
MS,Jefferson Davis County,28065,742
MS,Jones County,28067,737
MS,Kemper County,28069,742
MS,Lafayette County,28071,1065
MS,Lamar County,28073,906
MS,Lauderdale County,28075,809
MS,Lawrence County,28077,733
MS,Leake County,28079,718
MS,Lee County,28081,859
MS,Leflore County,28083,687
MS,Lincoln County,28085,715
MS,Lowndes County,28087,753
MS,Madison County,28089,997
MS,Marion County,28091,698
MS,Marshall County,28093,846
MS,Monroe County,28095,804
MS,Montgomery County,28097,782
MS,Neshoba County,28099,804
MS,Newton County,28101,704
MS,Noxubee County,28103,804
MS,Oktibbeha County,28105,889
MS,Panola County,28107,752
MS,Pearl River County,28109,894
MS,Perry County,28111,906
MS,Pike County,28113,896
MS,Pontotoc County,28115,820
MS,Prentiss County,28117,748
MS,Quitman County,28119,687
MS,Rankin County,28121,997
MS,Scott County,28123,762
MS,Sharkey County,28125,742
MS,Simpson County,28127,785
MS,Smith County,28129,804
MS,Stone County,28131,706
MS,Sunflower County,28133,687
MS,Tallahatchie County,28135,804
MS,Tate County,28137,834
MS,Tippah County,28139,742
MS,Tishomingo County,28141,804
MS,Tunica County,28143,1017
MS,Union County,28145,804
MS,Walthall County,28147,752
MS,Warren County,28149,760
MS,Washington County,28151,773
MS,Wayne County,28153,742
MS,Webster County,28155,742
MS,Wilkinson County,28157,742
MS,Winston County,28159,804
MS,Yalobusha County,28161,711
MS,Yazoo County,28163,711
MO,Adair County,29001,609
MO,Andrew County,29003,734
MO,Atchison County,29005,607
MO,Audrain County,29007,631
MO,Barry County,29009,607
MO,Barton County,29011,659
MO,Bates County,29013,650
MO,Benton County,29015,622
MO,Bollinger County,29017,742
MO,Boone County,29019,861
MO,Buchanan County,29021,734
MO,Butler County,29023,607
MO,Caldwell County,29025,1098
MO,Callaway County,29027,713
MO,Camden County,29029,661
MO,Cape Girardeau County,29031,742
MO,Carroll County,29033,607
MO,Carter County,29035,607
MO,Cass County,29037,1098
MO,Cedar County,29039,607
MO,Chariton County,29041,608
MO,Christian County,29043,723
MO,Clark County,29045,607
MO,Clay County,29047,1098
MO,Clinton County,29049,1098
MO,Cole County,29051,650
MO,Cooper County,29053,628
MO,Crawford County,29055,635
MO,Sullivan part,29056,972
MO,Dade County,29057,631
MO,Dallas County,29059,607
MO,Daviess County,29061,607
MO,DeKalb County,29063,734
MO,Dent County,29065,607
MO,Douglas County,29067,607
MO,Dunklin County,29069,619
MO,Franklin County,29071,972
MO,Gasconade County,29073,607
MO,Gentry County,29075,617
MO,Greene County,29077,723
MO,Grundy County,29079,614
MO,Harrison County,29081,613
MO,Henry County,29083,607
MO,Hickory County,29085,633
MO,Holt County,29087,607
MO,Howard County,29089,656
MO,Howell County,29091,607
MO,Iron County,29093,710
MO,Jackson County,29095,1098
MO,Jasper County,29097,741
MO,Jefferson County,29099,972
MO,Johnson County,29101,712
MO,Knox County,29103,623
MO,Laclede County,29105,607
MO,Lafayette County,29107,1098
MO,Lawrence County,29109,619
MO,Lewis County,29111,607
MO,Lincoln County,29113,972
MO,Linn County,29115,607
MO,Livingston County,29117,618
MO,McDonald County,29119,635
MO,Macon County,29121,607
MO,Madison County,29123,607
MO,Maries County,29125,710
MO,Marion County,29127,669
MO,Mercer County,29129,607
MO,Miller County,29131,763
MO,Mississippi County,29133,607
MO,Moniteau County,29135,626
MO,Monroe County,29137,607
MO,Montgomery County,29139,607
MO,Morgan County,29141,707
MO,New Madrid County,29143,635
MO,Newton County,29145,741
MO,Nodaway County,29147,673
MO,Oregon County,29149,607
MO,Osage County,29151,650
MO,Ozark County,29153,655
MO,Pemiscot County,29155,710
MO,Perry County,29157,712
MO,Pettis County,29159,697
MO,Phelps County,29161,658
MO,Pike County,29163,624
MO,Platte County,29165,1098
MO,Polk County,29167,642
MO,Pulaski County,29169,744
MO,Putnam County,29171,653
MO,Ralls County,29173,646
MO,Randolph County,29175,607
MO,Ray County,29177,1098
MO,Reynolds County,29179,610
MO,Ripley County,29181,627
MO,St. Charles County,29183,972
MO,St. Clair County,29185,607
MO,Ste. Genevieve County,29186,683
MO,St. Francois County,29187,623
MO,St. Louis County,29189,972
MO,Saline County,29195,619
MO,Schuyler County,29197,607
MO,Scotland County,29199,607
MO,Scott County,29201,658
MO,Shannon County,29203,642
MO,Shelby County,29205,617
MO,Stoddard County,29207,607
MO,Stone County,29209,617
MO,Sullivan County,29211,607
MO,Taney County,29213,728
MO,Texas County,29215,710
MO,Vernon County,29217,658
MO,Warren County,29219,972
MO,Washington County,29221,607
MO,Wayne County,29223,699
MO,Webster County,29225,723
MO,Worth County,29227,628
MO,Wright County,29229,607
MO,St. Louis city,29510,972
MT,Beaverhead County,30001,806
MT,Big Horn County,30003,708
MT,Blaine County,30005,693
MT,Broadwater County,30007,938
MT,Carbon County,30009,874
MT,Carter County,30011,806
MT,Cascade County,30013,745
MT,Chouteau County,30015,689
MT,Custer County,30017,795
MT,Daniels County,30019,689
MT,Dawson County,30021,723
MT,Deer Lodge County,30023,806
MT,Fallon County,30025,725
MT,Fergus County,30027,725
MT,Flathead County,30029,823
MT,Gallatin County,30031,999
MT,Garfield County,30033,689
MT,Glacier County,30035,804
MT,Golden Valley County,30037,721
MT,Granite County,30039,727
MT,Hill County,30041,696
MT,Jefferson County,30043,716
MT,Judith Basin County,30045,689
MT,Lake County,30047,743
MT,Lewis and Clark County,30049,837
MT,Liberty County,30051,806
MT,Lincoln County,30053,806
MT,McCone County,30055,760
MT,Madison County,30057,795
MT,Meagher County,30059,689
MT,Mineral County,30061,697
MT,Missoula County,30063,988
MT,Musselshell County,30065,707
MT,Park County,30067,823
MT,Petroleum County,30069,760
MT,Phillips County,30071,806
MT,Pondera County,30073,806
MT,Powder River County,30075,689
MT,Powell County,30077,689
MT,Prairie County,30079,760
MT,Ravalli County,30081,718
MT,Richland County,30083,795
MT,Roosevelt County,30085,689
MT,Rosebud County,30087,749
MT,Sanders County,30089,726
MT,Sheridan County,30091,806
MT,Silver Bow County,30093,723
MT,Stillwater County,30095,779
MT,Sweet Grass County,30097,721
MT,Teton County,30099,806
MT,Toole County,30101,806
MT,Treasure County,30103,760
MT,Valley County,30105,689
MT,Wheatland County,30107,689
MT,Wibaux County,30109,760
MT,Yellowstone County,30111,874
NE,Adams County,31001,714
NE,Antelope County,31003,664
NE,Arthur County,31005,664
NE,Banner County,31007,666
NE,Blaine County,31009,666
NE,Boone County,31011,664
NE,Box Butte County,31013,696
NE,Boyd County,31015,665
NE,Brown County,31017,664
NE,Buffalo County,31019,758
NE,Burt County,31021,664
NE,Butler County,31023,693
NE,Cass County,31025,971
NE,Cedar County,31027,685
NE,Chase County,31029,777
NE,Cherry County,31031,727
NE,Cheyenne County,31033,741
NE,Clay County,31035,711
NE,Colfax County,31037,702
NE,Cuming County,31039,745
NE,Custer County,31041,686
NE,Dakota County,31043,780
NE,Dawes County,31045,709
NE,Dawson County,31047,804
NE,Deuel County,31049,664
NE,Dixon County,31051,780
NE,Dodge County,31053,743
NE,Douglas County,31055,971
NE,Dundy County,31057,689
NE,Fillmore County,31059,777
NE,Franklin County,31061,702
NE,Frontier County,31063,664
NE,Furnas County,31065,708
NE,Gage County,31067,664
NE,Garden County,31069,664
NE,Garfield County,31071,739
NE,Gosper County,31073,664
NE,Grant County,31075,666
NE,Greeley County,31077,664
NE,Hall County,31079,792
NE,Hamilton County,31081,682
NE,Harlan County,31083,664
NE,Hayes County,31085,664
NE,Hitchcock County,31087,664
NE,Holt County,31089,724
NE,Hooker County,31091,760
NE,Howard County,31093,664
NE,Jefferson County,31095,664
NE,Johnson County,31097,664
NE,Kearney County,31099,678
NE,Keith County,31101,684
NE,Keya Paha County,31103,666
NE,Kimball County,31105,664
NE,Knox County,31107,664
NE,Lancaster County,31109,856
NE,Lincoln County,31111,680
NE,Logan County,31113,664
NE,Loup County,31115,666
NE,McPherson County,31117,666
NE,Madison County,31119,708
NE,Merrick County,31121,711
NE,Morrill County,31123,665
NE,Nance County,31125,664
NE,Nemaha County,31127,664
NE,Nuckolls County,31129,664
NE,Otoe County,31131,667
NE,Pawnee County,31133,664
NE,Perkins County,31135,775
NE,Phelps County,31137,743
NE,Pierce County,31139,777
NE,Platte County,31141,709
NE,Polk County,31143,664
NE,Red Willow County,31145,664
NE,Richardson County,31147,664
NE,Rock County,31149,664
NE,Saline County,31151,694
NE,Sarpy County,31153,971
NE,Saunders County,31155,769
NE,Scotts Bluff County,31157,720
NE,Seward County,31159,695
NE,Sheridan County,31161,730
NE,Sherman County,31163,664
NE,Sioux County,31165,664
NE,Stanton County,31167,807
NE,Thayer County,31169,664
NE,Thomas County,31171,664
NE,Thurston County,31173,664
NE,Valley County,31175,665
NE,Washington County,31177,971
NE,Wayne County,31179,664
NE,Webster County,31181,664
NE,Wheeler County,31183,664
NE,York County,31185,721
NV,Churchill County,32001,920
NV,Clark County,32003,1377
NV,Douglas County,32005,1192
NV,Elko County,32007,1092
NV,Esmeralda County,32009,1072
NV,Eureka County,32011,971
NV,Humboldt County,32013,931
NV,Lander County,32015,883
NV,Lincoln County,32017,892
NV,Lyon County,32019,1052
NV,Mineral County,32021,971
NV,Nye County,32023,919
NV,Pershing County,32027,796
NV,Storey County,32029,1257
NV,Washoe County,32031,1257
NV,White Pine County,32033,976
NV,Carson City,32510,1066
NJ,Atlantic County,34001,1340
NJ,Bergen County,34003,1645
NJ,Burlington County,34005,1451
NJ,Camden County,34007,1451
NJ,Cape May County,34009,1194
NJ,Cumberland County,34011,1216
NJ,Essex County,34013,1590
NJ,Gloucester County,34015,1451
NJ,Hudson County,34017,2025
NJ,Hunterdon County,34019,1807
NJ,Mercer County,34021,1550
NJ,Middlesex County,34023,1807
NJ,Monmouth County,34025,1546
NJ,Morris County,34027,1590
NJ,Ocean County,34029,1546
NJ,Passaic County,34031,1645
NJ,Salem County,34033,1451
NJ,Somerset County,34035,1807
NJ,Sussex County,34037,1590
NJ,Union County,34039,1590
NJ,Warren County,34041,1277
NM,Bernalillo County,35001,1005
NM,Catron County,35003,707
NM,Chaves County,35005,737
NM,Cibola County,35006,700
NM,Colfax County,35007,781
NM,Curry County,35009,800
NM,De Baca County,35011,667
NM,Dona Ana County,35013,881
NM,Eddy County,35015,968
NM,Grant County,35017,733
NM,Guadalupe County,35019,767
NM,Harding County,35021,707
NM,Hidalgo County,35023,707
NM,Lea County,35025,889
NM,Lincoln County,35027,667
NM,Los Alamos County,35028,1037
NM,Luna County,35029,691
NM,McKinley County,35031,739
NM,Mora County,35033,707
NM,Otero County,35035,722
NM,Quay County,35037,781
NM,Rio Arriba County,35039,670
NM,Roosevelt County,35041,703
NM,Sandoval County,35043,1005
NM,San Juan County,35045,847
NM,San Miguel County,35047,781
NM,Santa Fe County,35049,1317
NM,Sierra County,35051,667
NM,Socorro County,35053,707
NM,Taos County,35055,921
NM,Torrance County,35057,1005
NM,Union County,35059,732
NM,Valencia County,35061,1005
NY,Albany County,36001,1131
NY,Allegany County,36003,731
NY,Bronx County,36005,2451
NY,Broome County,36007,904
NY,Cattaraugus County,36009,709
NY,Cayuga County,36011,733
NY,Chautauqua County,36013,711
NY,Chemung County,36015,922
NY,Chenango County,36017,777
NY,Clinton County,36019,826
NY,Columbia County,36021,1042
NY,Cortland County,36023,805
NY,Delaware County,36025,798
NY,Dutchess County,36027,1419
NY,Erie County,36029,992
NY,Essex County,36031,828
NY,Franklin County,36033,763
NY,Fulton County,36035,734
NY,Genesee County,36037,804
NY,Greene County,36039,965
NY,Hamilton County,36041,868
NY,Herkimer County,36043,790
NY,Jefferson County,36045,1035
NY,Kings County,36047,2451
NY,Lewis County,36049,707
NY,Livingston County,36051,1050
NY,Madison County,36053,916
NY,Monroe County,36055,1050
NY,Montgomery County,36057,780
NY,Nassau County,36059,2144
NY,New York County,36061,2451
NY,Niagara County,36063,992
NY,Oneida County,36065,790
NY,Onondaga County,36067,916
NY,Ontario County,36069,1050
NY,Orange County,36071,1419
NY,Orleans County,36073,1050
NY,Oswego County,36075,916
NY,Otsego County,36077,879
NY,Putnam County,36079,2451
NY,Queens County,36081,2451
NY,Rensselaer County,36083,1131
NY,Richmond County,36085,2451
NY,Rockland County,36087,2451
NY,St. Lawrence County,36089,763
NY,Saratoga County,36091,1131
NY,Schenectady County,36093,1131
NY,Schoharie County,36095,1131
NY,Schuyler County,36097,740
NY,Seneca County,36099,770
NY,Steuben County,36101,759
NY,Suffolk County,36103,2144
NY,Sullivan County,36105,917
NY,Tioga County,36107,904
NY,Tompkins County,36109,1434
NY,Ulster County,36111,1308
NY,Warren County,36113,1025
NY,Washington County,36115,1025
NY,Wayne County,36117,1050
NY,Westchester County,36119,1934
NY,Wyoming County,36121,728
NY,Yates County,36123,811
NC,Alamance County,37001,1043
NC,Alexander County,37003,834
NC,Alleghany County,37005,655
NC,Anson County,37007,843
NC,Ashe County,37009,678
NC,Avery County,37011,781
NC,Beaufort County,37013,672
NC,Bertie County,37015,688
NC,Bladen County,37017,691
NC,Brunswick County,37019,1008
NC,Buncombe County,37021,1496
NC,Burke County,37023,834
NC,Cabarrus County,37025,1384
NC,Caldwell County,37027,834
NC,Camden County,37029,789
NC,Carteret County,37031,826
NC,Caswell County,37033,759
NC,Catawba County,37035,834
NC,Chatham County,37037,1418
NC,Cherokee County,37039,664
NC,Chowan County,37041,792
NC,Clay County,37043,828
NC,Cleveland County,37045,656
NC,Columbus County,37047,651
NC,Craven County,37049,935
NC,Cumberland County,37051,1120
NC,Currituck County,37053,1287
NC,Dare County,37055,1137
NC,Davidson County,37057,773
NC,Davie County,37059,936
NC,Duplin County,37061,687
NC,Durham County,37063,1418
NC,Edgecombe County,37065,830
NC,Forsyth County,37067,936
NC,Franklin County,37069,1466
NC,Gaston County,37071,1384
NC,Gates County,37073,908
NC,Graham County,37075,745
NC,Granville County,37077,1040
NC,Greene County,37079,669
NC,Guilford County,37081,1042
NC,Halifax County,37083,687
NC,Harnett County,37085,857
NC,Haywood County,37087,1102
NC,Henderson County,37089,1496
NC,Hertford County,37091,719
NC,Hoke County,37093,798
NC,Hyde County,37095,710
NC,Iredell County,37097,1075
NC,Jackson County,37099,797
NC,Johnston County,37101,1466
NC,Jones County,37103,674
NC,Lee County,37105,871
NC,Lenoir County,37107,654
NC,Lincoln County,37109,970
NC,McDowell County,37111,751
NC,Macon County,37113,849
NC,Madison County,37115,1496
NC,Martin County,37117,687
NC,Mecklenburg County,37119,1384
NC,Mitchell County,37121,651
NC,Montgomery County,37123,695
NC,Moore County,37125,886
NC,Nash County,37127,830
NC,New Hanover County,37129,1349
NC,Northampton County,37131,724
NC,Onslow County,37133,1030
NC,Orange County,37135,1418
NC,Pamlico County,37137,866
NC,Pasquotank County,37139,805
NC,Pender County,37141,988
NC,Perquimans County,37143,816
NC,Person County,37145,722
NC,Pitt County,37147,931
NC,Polk County,37149,792
NC,Randolph County,37151,1042
NC,Richmond County,37153,762
NC,Robeson County,37155,652
NC,Rockingham County,37157,719
NC,Rowan County,37159,931
NC,Rutherford County,37161,737
NC,Sampson County,37163,725
NC,Scotland County,37165,711
NC,Stanly County,37167,704
NC,Stokes County,37169,936
NC,Surry County,37171,677
NC,Swain County,37173,656
NC,Transylvania County,37175,858
NC,Tyrrell County,37177,762
NC,Union County,37179,1384
NC,Vance County,37181,712
NC,Wake County,37183,1466
NC,Warren County,37185,651
NC,Washington County,37187,651
NC,Watauga County,37189,906
NC,Wayne County,37191,831
NC,Wilkes County,37193,745
NC,Wilson County,37195,767
NC,Yadkin County,37197,936
NC,Yancey County,37199,651
ND,Adams County,38001,692
ND,Barnes County,38003,689
ND,Benson County,38005,765
ND,Billings County,38007,725
ND,Bottineau County,38009,654
ND,Bowman County,38011,765
ND,Burke County,38013,654
ND,Burleigh County,38015,848
ND,Cass County,38017,781
ND,Cavalier County,38019,692
ND,Dickey County,38021,654
ND,Divide County,38023,1126
ND,Dunn County,38025,841
ND,Eddy County,38027,654
ND,Emmons County,38029,654
ND,Foster County,38031,765
ND,Golden Valley County,38033,703
ND,Grand Forks County,38035,736
ND,Grant County,38037,692
ND,Griggs County,38039,682
ND,Hettinger County,38041,723
ND,Kidder County,38043,760
ND,LaMoure County,38045,668
ND,Logan County,38047,725
ND,McHenry County,38049,696
ND,McIntosh County,38051,765
ND,McKenzie County,38053,1097
ND,McLean County,38055,670
ND,Mercer County,38057,852
ND,Morton County,38059,848
ND,Mountrail County,38061,765
ND,Nelson County,38063,765
ND,Oliver County,38065,848
ND,Pembina County,38067,765
ND,Pierce County,38069,765
ND,Ramsey County,38071,685
ND,Ransom County,38073,686
ND,Renville County,38075,693
ND,Richland County,38077,654
ND,Rolette County,38079,654
ND,Sargent County,38081,657
ND,Sheridan County,38083,725
ND,Sioux County,38085,654
ND,Slope County,38087,725
ND,Stark County,38089,873
ND,Steele County,38091,692
ND,Stutsman County,38093,654
ND,Towner County,38095,692
ND,Traill County,38097,695
ND,Walsh County,38099,707
ND,Ward County,38101,744
ND,Wells County,38103,694
ND,Williams County,38105,1003
OH,Adams County,39001,655
OH,Allen County,39003,737
OH,Ashland County,39005,655
OH,Ashtabula County,39007,692
OH,Athens County,39009,809
OH,Auglaize County,39011,689
OH,Belmont County,39013,714
OH,Brown County,39015,672
OH,Butler County,39017,919
OH,Carroll County,39019,690
OH,Champaign County,39021,694
OH,Clark County,39023,721
OH,Clermont County,39025,919
OH,Clinton County,39027,714
OH,Columbiana County,39029,704
OH,Coshocton County,39031,707
OH,Crawford County,39033,708
OH,Cuyahoga County,39035,913
OH,Darke County,39037,741
OH,Defiance County,39039,667
OH,Delaware County,39041,1065
OH,Erie County,39043,772
OH,Fairfield County,39045,1065
OH,Fayette County,39047,722
OH,Franklin County,39049,1065
OH,Fulton County,39051,753
OH,Gallia County,39053,755
OH,Geauga County,39055,913
OH,Greene County,39057,800
OH,Guernsey County,39059,655
OH,Hamilton County,39061,919
OH,Hancock County,39063,740
OH,Hardin County,39065,701
OH,Harrison County,39067,655
OH,Henry County,39069,737
OH,Highland County,39071,706
OH,Hocking County,39073,655
OH,Holmes County,39075,655
OH,Huron County,39077,665
OH,Jackson County,39079,666
OH,Jefferson County,39081,678
OH,Knox County,39083,727
OH,Lake County,39085,913
OH,Lawrence County,39087,815
OH,Licking County,39089,1065
OH,Logan County,39091,655
OH,Lorain County,39093,913
OH,Lucas County,39095,753
OH,Madison County,39097,1065
OH,Mahoning County,39099,683
OH,Marion County,39101,728
OH,Medina County,39103,913
OH,Meigs County,39105,707
OH,Mercer County,39107,676
OH,Miami County,39109,800
OH,Monroe County,39111,655
OH,Montgomery County,39113,800
OH,Morgan County,39115,766
OH,Morrow County,39117,1065
OH,Muskingum County,39119,682
OH,Noble County,39121,766
OH,Ottawa County,39123,719
OH,Paulding County,39125,745
OH,Perry County,39127,661
OH,Pickaway County,39129,1065
OH,Pike County,39131,655
OH,Portage County,39133,816
OH,Preble County,39135,655
OH,Putnam County,39137,710
OH,Richland County,39139,689
OH,Ross County,39141,768
OH,Sandusky County,39143,703
OH,Scioto County,39145,754
OH,Seneca County,39147,683
OH,Shelby County,39149,691
OH,Stark County,39151,690
OH,Summit County,39153,816
OH,Trumbull County,39155,683
OH,Tuscarawas County,39157,693
OH,Union County,39159,951
OH,Van Wert County,39161,665
OH,Vinton County,39163,659
OH,Warren County,39165,919
OH,Washington County,39167,659
OH,Wayne County,39169,703
OH,Williams County,39171,730
OH,Wood County,39173,753
OH,Wyandot County,39175,712
OK,Adair County,40001,678
OK,Alfalfa County,40003,678
OK,Atoka County,40005,705
OK,Beaver County,40007,697
OK,Beckham County,40009,732
OK,Blaine County,40011,690
OK,Bryan County,40013,718
OK,Caddo County,40015,678
OK,Canadian County,40017,884
OK,Carter County,40019,748
OK,Cherokee County,40021,722
OK,Choctaw County,40023,678
OK,Cimarron County,40025,697
OK,Cleveland County,40027,884
OK,Coal County,40029,678
OK,Comanche County,40031,717
OK,Cotton County,40033,694
OK,Craig County,40035,697
OK,Creek County,40037,900
OK,Custer County,40039,696
OK,Delaware County,40041,726
OK,Dewey County,40043,678
OK,Ellis County,40045,763
OK,Garfield County,40047,760
OK,Garvin County,40049,678
OK,Grady County,40051,678
OK,Grant County,40053,678
OK,Greer County,40055,684
OK,Harmon County,40057,697
OK,Harper County,40059,697
OK,Haskell County,40061,678
OK,Hughes County,40063,680
OK,Jackson County,40065,678
OK,Jefferson County,40067,678
OK,Johnston County,40069,772
OK,Kay County,40071,678
OK,Kingfisher County,40073,710
OK,Kiowa County,40075,678
OK,Latimer County,40077,678
OK,Le Flore County,40079,711
OK,Lincoln County,40081,771
OK,Logan County,40083,884
OK,Love County,40085,786
OK,McClain County,40087,884
OK,McCurtain County,40089,714
OK,McIntosh County,40091,736
OK,Major County,40093,678
OK,Marshall County,40095,678
OK,Mayes County,40097,678
OK,Murray County,40099,693
OK,Muskogee County,40101,690
OK,Noble County,40103,794
OK,Nowata County,40105,678
OK,Okfuskee County,40107,794
OK,Oklahoma County,40109,884
OK,Okmulgee County,40111,683
OK,Osage County,40113,900
OK,Ottawa County,40115,678
OK,Pawnee County,40117,702
OK,Payne County,40119,803
OK,Pittsburg County,40121,736
OK,Pontotoc County,40123,726
OK,Pottawatomie County,40125,704
OK,Pushmataha County,40127,762
OK,Roger Mills County,40129,697
OK,Rogers County,40131,900
OK,Seminole County,40133,705
OK,Sequoyah County,40135,678
OK,Stephens County,40137,739
OK,Texas County,40139,805
OK,Tillman County,40141,794
OK,Tulsa County,40143,900
OK,Wagoner County,40145,900
OK,Washington County,40147,789
OK,Washita County,40149,794
OK,Woods County,40151,761
OK,Woodward County,40153,764
OR,Baker County,41001,759
OR,Benton County,41003,1236
OR,Clackamas County,41005,1776
OR,Clatsop County,41007,1001
OR,Columbia County,41009,1776
OR,Coos County,41011,829
OR,Crook County,41013,957
OR,Curry County,41015,947
OR,Deschutes County,41017,1283
OR,Douglas County,41019,847
OR,Gilliam County,41021,868
OR,Grant County,41023,753
OR,Harney County,41025,689
OR,Hood River County,41027,1388
OR,Jackson County,41029,1062
OR,Jefferson County,41031,843
OR,Josephine County,41033,1024
OR,Klamath County,41035,786
OR,Lake County,41037,794
OR,Lane County,41039,1063
OR,Lincoln County,41041,972
OR,Linn County,41043,1121
OR,Malheur County,41045,740
OR,Marion County,41047,1053
OR,Morrow County,41049,708
OR,Multnomah County,41051,1776
OR,Polk County,41053,1053
OR,Sherman County,41055,839
OR,Tillamook County,41057,919
OR,Umatilla County,41059,812
OR,Union County,41061,807
OR,Wallowa County,41063,793
OR,Wasco County,41065,1260
OR,Washington County,41067,1776
OR,Wheeler County,41069,689
OR,Yamhill County,41071,1776
PA,Adams County,42001,997
PA,Allegheny County,42003,965
PA,Armstrong County,42005,711
PA,Beaver County,42007,965
PA,Bedford County,42009,643
PA,Berks County,42011,1041
PA,Blair County,42013,831
PA,Bradford County,42015,743
PA,Bucks County,42017,1451
PA,Butler County,42019,965
PA,Cambria County,42021,682
PA,Cameron County,42023,643
PA,Carbon County,42025,1137
PA,Centre County,42027,1133
PA,Chester County,42029,1451
PA,Clarion County,42031,705
PA,Clearfield County,42033,681
PA,Clinton County,42035,705
PA,Columbia County,42037,878
PA,Crawford County,42039,651
PA,Cumberland County,42041,1021
PA,Dauphin County,42043,1021
PA,Delaware County,42045,1451
PA,Elk County,42047,722
PA,Erie County,42049,757
PA,Fayette County,42051,965
PA,Forest County,42053,746
PA,Franklin County,42055,920
PA,Fulton County,42057,687
PA,Greene County,42059,697
PA,Huntingdon County,42061,684
PA,Indiana County,42063,741
PA,Jefferson County,42065,657
PA,Juniata County,42067,647
PA,Lackawanna County,42069,854
PA,Lancaster County,42071,1061
PA,Lawrence County,42073,663
PA,Lebanon County,42075,951
PA,Lehigh County,42077,1137
PA,Luzerne County,42079,854
PA,Lycoming County,42081,902
PA,McKean County,42083,674
PA,Mercer County,42085,661
PA,Mifflin County,42087,685
PA,Monroe County,42089,1119
PA,Montgomery County,42091,1451
PA,Montour County,42093,915
PA,Northampton County,42095,1137
PA,Northumberland County,42097,688
PA,Perry County,42099,1021
PA,Philadelphia County,42101,1451
PA,Pike County,42103,1255
PA,Potter County,42105,643
PA,Schuylkill County,42107,663
PA,Snyder County,42109,787
PA,Somerset County,42111,732
PA,Sullivan County,42113,697
PA,Susquehanna County,42115,703
PA,Tioga County,42117,658
PA,Union County,42119,788
PA,Venango County,42121,648
PA,Warren County,42123,686
PA,Washington County,42125,965
PA,Wayne County,42127,850
PA,Westmoreland County,42129,965
PA,Wyoming County,42131,854
PA,York County,42133,951
SC,Abbeville County,45001,709
SC,Aiken County,45003,961
SC,Allendale County,45005,806
SC,Anderson County,45007,841
SC,Bamberg County,45009,689
SC,Barnwell County,45011,689
SC,Beaufort County,45013,1472
SC,Berkeley County,45015,1424
SC,Calhoun County,45017,1110
SC,Charleston County,45019,1424
SC,Cherokee County,45021,711
SC,Chester County,45023,737
SC,Chesterfield County,45025,718
SC,Clarendon County,45027,689
SC,Colleton County,45029,756
SC,Darlington County,45031,756
SC,Dillon County,45033,691
SC,Dorchester County,45035,1424
SC,Edgefield County,45037,961
SC,Fairfield County,45039,1110
SC,Florence County,45041,792
SC,Georgetown County,45043,848
SC,Greenville County,45045,1074
SC,Greenwood County,45047,786
SC,Hampton County,45049,760
SC,Horry County,45051,1187
SC,Jasper County,45053,1056
SC,Kershaw County,45055,805
SC,Lancaster County,45057,790
SC,Laurens County,45059,757
SC,Lee County,45061,689
SC,Lexington County,45063,1110
SC,McCormick County,45065,757
SC,Marion County,45067,806
SC,Marlboro County,45069,689
SC,Newberry County,45071,772
SC,Oconee County,45073,752
SC,Orangeburg County,45075,825
SC,Pickens County,45077,1074
SC,Richland County,45079,1110
SC,Saluda County,45081,1110
SC,Spartanburg County,45083,1016
SC,Sumter County,45085,933
SC,Union County,45087,689
SC,Williamsburg County,45089,689
SC,York County,45091,1384
SD,Aurora County,46003,759
SD,Beadle County,46005,726
SD,Bennett County,46007,780
SD,Bon Homme County,46009,712
SD,Brookings County,46011,789
SD,Brown County,46013,751
SD,Brule County,46015,689
SD,Buffalo County,46017,809
SD,Butte County,46019,809
SD,Campbell County,46021,689
SD,Charles Mix County,46023,805
SD,Clark County,46025,693
SD,Clay County,46027,747
SD,Codington County,46029,801
SD,Corson County,46031,689
SD,Custer County,46033,875
SD,Davison County,46035,721
SD,Day County,46037,710
SD,Deuel County,46039,689
SD,Dewey County,46041,806
SD,Douglas County,46043,760
SD,Edmunds County,46045,689
SD,Fall River County,46047,910
SD,Faulk County,46049,704
SD,Grant County,46051,689
SD,Gregory County,46053,696
SD,Haakon County,46055,769
SD,Hamlin County,46057,695
SD,Hand County,46059,714
SD,Hanson County,46061,806
SD,Harding County,46063,736
SD,Hughes County,46065,802
SD,Hutchinson County,46067,743
SD,Hyde County,46069,736
SD,Jackson County,46071,806
SD,Jerauld County,46073,736
SD,Jones County,46075,736
SD,Kingsbury County,46077,741
SD,Lake County,46079,706
SD,Lawrence County,46081,785
SD,Lincoln County,46083,884
SD,Lyman County,46085,689
SD,McCook County,46087,884
SD,McPherson County,46089,689
SD,Marshall County,46091,760
SD,Meade County,46093,880
SD,Mellette County,46095,689
SD,Miner County,46097,689
SD,Minnehaha County,46099,884
SD,Moody County,46101,689
SD,Oglala Lakota County,46102,689
SD,Pennington County,46103,886
SD,Perkins County,46105,729
SD,Potter County,46107,748
SD,Roberts County,46109,771
SD,Sanborn County,46111,689
SD,Spink County,46115,722
SD,Stanley County,46117,816
SD,Sully County,46119,736
SD,Todd County,46121,756
SD,Tripp County,46123,733
SD,Turner County,46125,884
SD,Union County,46127,780
SD,Walworth County,46129,703
SD,Yankton County,46135,734
SD,Ziebach County,46137,689
TN,Anderson County,47001,1000
TN,Bedford County,47003,906
TN,Benton County,47005,655
TN,Bledsoe County,47007,655
TN,Blount County,47009,1000
TN,Bradley County,47011,848
TN,Campbell County,47013,695
TN,Cannon County,47015,1442
TN,Carroll County,47017,767
TN,Carter County,47019,870
TN,Cheatham County,47021,1442
TN,Chester County,47023,866
TN,Claiborne County,47025,767
TN,Clay County,47027,655
TN,Cocke County,47029,655
TN,Coffee County,47031,726
TN,Crockett County,47033,756
TN,Cumberland County,47035,723
TN,Davidson County,47037,1442
TN,Decatur County,47039,655
TN,DeKalb County,47041,676
TN,Dickson County,47043,1442
TN,Dyer County,47045,685
TN,Fayette County,47047,1146
TN,Fentress County,47049,655
TN,Franklin County,47051,735
TN,Gibson County,47053,722
TN,Giles County,47055,759
TN,Grainger County,47057,687
TN,Greene County,47059,767
TN,Grundy County,47061,742
TN,Hamblen County,47063,792
TN,Hamilton County,47065,1085
TN,Hancock County,47067,767
TN,Hardeman County,47069,655
TN,Hardin County,47071,655
TN,Hawkins County,47073,717
TN,Haywood County,47075,655
TN,Henderson County,47077,778
TN,Henry County,47079,686
TN,Hickman County,47081,767
TN,Houston County,47083,718
TN,Humphreys County,47085,767
TN,Jackson County,47087,655
TN,Jefferson County,47089,792
TN,Johnson County,47091,761
TN,Knox County,47093,1000
TN,Lake County,47095,694
TN,Lauderdale County,47097,655
TN,Lawrence County,47099,683
TN,Lewis County,47101,655
TN,Lincoln County,47103,767
TN,Loudon County,47105,1000
TN,McMinn County,47107,813
TN,McNairy County,47109,655
TN,Macon County,47111,794
TN,Madison County,47113,866
TN,Marion County,47115,1085
TN,Marshall County,47117,769
TN,Maury County,47119,1018
TN,Meigs County,47121,655
TN,Monroe County,47123,685
TN,Montgomery County,47125,970
TN,Moore County,47127,709
TN,Morgan County,47129,655
TN,Obion County,47131,721
TN,Overton County,47133,688
TN,Perry County,47135,690
TN,Pickett County,47137,729
TN,Polk County,47139,848
TN,Putnam County,47141,764
TN,Rhea County,47143,655
TN,Roane County,47145,824
TN,Robertson County,47147,1442
TN,Rutherford County,47149,1442
TN,Scott County,47151,708
TN,Sequatchie County,47153,1085
TN,Sevier County,47155,896
TN,Shelby County,47157,1146
TN,Smith County,47159,691
TN,Stewart County,47161,816
TN,Sullivan County,47163,717
TN,Sumner County,47165,1442
TN,Tipton County,47167,1146
TN,Trousdale County,47169,1442
TN,Unicoi County,47171,870
TN,Union County,47173,1000
TN,Van Buren County,47175,684
TN,Warren County,47177,683
TN,Washington County,47179,870
TN,Wayne County,47181,655
TN,Weakley County,47183,728
TN,White County,47185,734
TN,Williamson County,47187,1442
TN,Wilson County,47189,1442
TX,Anderson County,48001,885
TX,Andrews County,48003,1210
TX,Angelina County,48005,935
TX,Aransas County,48007,1025
TX,Archer County,48009,843
TX,Armstrong County,48011,879
TX,Atascosa County,48013,1011
TX,Austin County,48015,821
TX,Bailey County,48017,752
TX,Bandera County,48019,1197
TX,Bastrop County,48021,1635
TX,Baylor County,48023,701
TX,Bee County,48025,890
TX,Bell County,48027,900
TX,Bexar County,48029,1197
TX,Blanco County,48031,954
TX,Borden County,48033,818
TX,Bosque County,48035,689
TX,Bowie County,48037,784
TX,Brazoria County,48039,1194
TX,Brazos County,48041,1015
TX,Brewster County,48043,869
TX,Briscoe County,48045,729
TX,Brooks County,48047,729
TX,Brown County,48049,820
TX,Burleson County,48051,1015
TX,Burnet County,48053,885
TX,Caldwell County,48055,1635
TX,Calhoun County,48057,806
TX,Callahan County,48059,876
TX,Cameron County,48061,761
TX,Camp County,48063,698
TX,Carson County,48065,879
TX,Cass County,48067,689
TX,Castro County,48069,806
TX,Chambers County,48071,1135
TX,Cherokee County,48073,734
TX,Childress County,48075,886
TX,Clay County,48077,843
TX,Cochran County,48079,729
TX,Coke County,48081,689
TX,Coleman County,48083,886
TX,Collin County,48085,1500
TX,Collingsworth County,48087,729
TX,Colorado County,48089,782
TX,Comal County,48091,1197
TX,Comanche County,48093,818
TX,Concho County,48095,957
TX,Cooke County,48097,907
TX,Coryell County,48099,900
TX,Cottle County,48101,818
TX,Crane County,48103,868
TX,Crockett County,48105,729
TX,Crosby County,48107,931
TX,Culberson County,48109,818
TX,Dallam County,48111,806
TX,Dallas County,48113,1500
TX,Dawson County,48115,708
TX,Deaf Smith County,48117,801
TX,Delta County,48119,759
TX,Denton County,48121,1500
TX,DeWitt County,48123,891
TX,Dickens County,48125,729
TX,Dimmit County,48127,806
TX,Donley County,48129,689
TX,Duval County,48131,729
TX,Eastland County,48133,801
TX,Ector County,48135,1127
TX,Edwards County,48137,818
TX,Ellis County,48139,1500
TX,El Paso County,48141,980
TX,Erath County,48143,857
TX,Falls County,48145,737
TX,Fannin County,48147,759
TX,Fayette County,48149,821
TX,Fisher County,48151,689
TX,Floyd County,48153,771
TX,Foard County,48155,818
TX,Fort Bend County,48157,1135
TX,Franklin County,48159,842
TX,Freestone County,48161,708
TX,Frio County,48163,937
TX,Gaines County,48165,760
TX,Galveston County,48167,1135
TX,Garza County,48169,729
TX,Gillespie County,48171,966
TX,Glasscock County,48173,818
TX,Goliad County,48175,1016
TX,Gonzales County,48177,749
TX,Gray County,48179,779
TX,Grayson County,48181,1045
TX,Gregg County,48183,930
TX,Grimes County,48185,815
TX,Guadalupe County,48187,1197
TX,Hale County,48189,806
TX,Hall County,48191,689
TX,Hamilton County,48193,760
TX,Hansford County,48195,807
TX,Hardeman County,48197,705
TX,Hardin County,48199,932
TX,Harris County,48201,1135
TX,Harrison County,48203,840
TX,Hartley County,48205,980
TX,Haskell County,48207,729
TX,Hays County,48209,1635
TX,Hemphill County,48211,862
TX,Henderson County,48213,808
TX,Hidalgo County,48215,781
TX,Hill County,48217,789
TX,Hockley County,48219,806
TX,Hood County,48221,1101
TX,Hopkins County,48223,869
TX,Houston County,48225,712
TX,Howard County,48227,959
TX,Hudspeth County,48229,897
TX,Hunt County,48231,1500
TX,Hutchinson County,48233,782
TX,Irion County,48235,927
TX,Jack County,48237,729
TX,Jackson County,48239,923
TX,Jasper County,48241,789
TX,Jeff Davis County,48243,818
TX,Jefferson County,48245,932
TX,Jim Hogg County,48247,729
TX,Jim Wells County,48249,811
TX,Johnson County,48251,1384
TX,Jones County,48253,876
TX,Karnes County,48255,954
TX,Kaufman County,48257,1500
TX,Kendall County,48259,1360
TX,Kenedy County,48261,818
TX,Kent County,48263,818
TX,Kerr County,48265,942
TX,Kimble County,48267,698
TX,King County,48269,818
TX,Kinney County,48271,818
TX,Kleberg County,48273,929
TX,Knox County,48275,729
TX,Lamar County,48277,745
TX,Lamb County,48279,689
TX,Lampasas County,48281,795
TX,La Salle County,48283,738
TX,Lavaca County,48285,858
TX,Lee County,48287,1002
TX,Leon County,48289,706
TX,Liberty County,48291,1135
TX,Limestone County,48293,731
TX,Lipscomb County,48295,767
TX,Live Oak County,48297,712
TX,Llano County,48299,896
TX,Loving County,48301,818
TX,Lubbock County,48303,931
TX,Lynn County,48305,758
TX,McCulloch County,48307,835
TX,McLennan County,48309,1011
TX,McMullen County,48311,818
TX,Madison County,48313,748
TX,Marion County,48315,723
TX,Martin County,48317,770
TX,Mason County,48319,772
TX,Matagorda County,48321,874
TX,Maverick County,48323,758
TX,Medina County,48325,866
TX,Menard County,48327,729
TX,Midland County,48329,1372
TX,Milam County,48331,794
TX,Mills County,48333,729
TX,Mitchell County,48335,848
TX,Montague County,48337,874
TX,Montgomery County,48339,1135
TX,Moore County,48341,817
TX,Morris County,48343,689
TX,Motley County,48345,729
TX,Nacogdoches County,48347,926
TX,Navarro County,48349,772
TX,Newton County,48351,729
TX,Nolan County,48353,750
TX,Nueces County,48355,1104
TX,Ochiltree County,48357,867
TX,Oldham County,48359,821
TX,Orange County,48361,932
TX,Palo Pinto County,48363,800
TX,Panola County,48365,730
TX,Parker County,48367,1384
TX,Parmer County,48369,785
TX,Pecos County,48371,851
TX,Polk County,48373,877
TX,Potter County,48375,879
TX,Presidio County,48377,806
TX,Rains County,48379,826
TX,Randall County,48381,879
TX,Reagan County,48383,857
TX,Real County,48385,857
TX,Red River County,48387,806
TX,Reeves County,48389,815
TX,Refugio County,48391,754
TX,Roberts County,48393,818
TX,Robertson County,48395,1015
TX,Rockwall County,48397,1500
TX,Runnels County,48399,788
TX,Rusk County,48401,769
TX,Sabine County,48403,722
TX,San Augustine County,48405,818
TX,San Jacinto County,48407,808
TX,San Patricio County,48409,1104
TX,San Saba County,48411,776
TX,Schleicher County,48413,818
TX,Scurry County,48415,856
TX,Shackelford County,48417,818
TX,Shelby County,48419,806
TX,Sherman County,48421,729
TX,Smith County,48423,1009
TX,Somervell County,48425,813
TX,Starr County,48427,689
TX,Stephens County,48429,729
TX,Sterling County,48431,925
TX,Stonewall County,48433,818
TX,Sutton County,48435,694
TX,Swisher County,48437,723
TX,Tarrant County,48439,1384
TX,Taylor County,48441,876
TX,Terrell County,48443,818
TX,Terry County,48445,742
TX,Throckmorton County,48447,746
TX,Titus County,48449,722
TX,Tom Green County,48451,927
TX,Travis County,48453,1635
TX,Trinity County,48455,799
TX,Tyler County,48457,725
TX,Upshur County,48459,930
TX,Upton County,48461,806
TX,Uvalde County,48463,881
TX,Val Verde County,48465,769
TX,Van Zandt County,48467,798
TX,Victoria County,48469,1016
TX,Walker County,48471,1035
TX,Waller County,48473,1135
TX,Ward County,48475,950
TX,Washington County,48477,973
TX,Webb County,48479,881
TX,Wharton County,48481,803
TX,Wheeler County,48483,730
TX,Wichita County,48485,843
TX,Wilbarger County,48487,706
TX,Willacy County,48489,689
TX,Williamson County,48491,1635
TX,Wilson County,48493,1197
TX,Winkler County,48495,818
TX,Wise County,48497,1047
TX,Wood County,48499,831
TX,Yoakum County,48501,951
TX,Young County,48503,799
TX,Zapata County,48505,721
TX,Zavala County,48507,729
UT,Beaver County,49001,752
UT,Box Elder County,49003,809
UT,Cache County,49005,836
UT,Carbon County,49007,742
UT,Daggett County,49009,801
UT,Davis County,49011,1108
UT,Duchesne County,49013,832
UT,Emery County,49015,806
UT,Garfield County,49017,806
UT,Grand County,49019,939
UT,Iron County,49021,891
UT,Juab County,49023,1093
UT,Kane County,49025,1028
UT,Millard County,49027,762
UT,Morgan County,49029,1108
UT,Piute County,49031,752
UT,Rich County,49033,752
UT,Salt Lake County,49035,1338
UT,San Juan County,49037,788
UT,Sanpete County,49039,763
UT,Sevier County,49041,718
UT,Summit County,49043,1392
UT,Tooele County,49045,857
UT,Uintah County,49047,730
UT,Utah County,49049,1093
UT,Wasatch County,49051,1281
UT,Washington County,49053,1099
UT,Wayne County,49055,752
UT,Weber County,49057,1108
VA,Accomack County,51001,832
VA,Albemarle County,51003,1415
VA,Alleghany County,51005,753
VA,Amelia County,51007,1365
VA,Amherst County,51009,966
VA,Appomattox County,51011,966
VA,Arlington County,51013,1803
VA,Augusta County,51015,987
VA,Bath County,51017,735
VA,Bedford County,51019,966
VA,Bland County,51021,730
VA,Botetourt County,51023,894
VA,Brunswick County,51025,730
VA,Buchanan County,51027,730
VA,Buckingham County,51029,856
VA,Campbell County,51031,966
VA,Caroline County,51033,952
VA,Carroll County,51035,732
VA,Charles City County,51036,1365
VA,Charlotte County,51037,689
VA,Chesterfield County,51041,1365
VA,Clarke County,51043,1803
VA,Craig County,51045,894
VA,Culpeper County,51047,959
VA,Cumberland County,51049,813
VA,Dickenson County,51051,730
VA,Dinwiddie County,51053,1365
VA,Essex County,51057,839
VA,Fairfax County,51059,1803
VA,Fauquier County,51061,1803
VA,Floyd County,51063,730
VA,Fluvanna County,51065,1415
VA,Franklin County,51067,772
VA,Frederick County,51069,1104
VA,Giles County,51071,806
VA,Gloucester County,51073,1287
VA,Goochland County,51075,1365
VA,Grayson County,51077,730
VA,Greene County,51079,1415
VA,Greensville County,51081,737
VA,Halifax County,51083,776
VA,Hanover County,51085,1365
VA,Henrico County,51087,1365
VA,Henry County,51089,701
VA,Highland County,51091,735
VA,Isle of Wight County,51093,1287
VA,James City County,51095,1287
VA,King and Queen County,51097,973
VA,King George County,51099,1134
VA,King William County,51101,1365
VA,Lancaster County,51103,898
VA,Lee County,51105,775
VA,Loudoun County,51107,1803
VA,Louisa County,51109,1010
VA,Lunenburg County,51111,707
VA,Madison County,51113,792
VA,Mathews County,51115,1287
VA,Mecklenburg County,51117,701
VA,Middlesex County,51119,915
VA,Montgomery County,51121,999
VA,Nelson County,51125,1415
VA,New Kent County,51127,1365
VA,Northampton County,51131,714
VA,Northumberland County,51133,935
VA,Nottoway County,51135,719
VA,Orange County,51137,955
VA,Page County,51139,806
VA,Patrick County,51141,776
VA,Pittsylvania County,51143,719
VA,Powhatan County,51145,1365
VA,Prince Edward County,51147,880
VA,Prince George County,51149,1365
VA,Prince William County,51153,1803
VA,Pulaski County,51155,806
VA,Rappahannock County,51157,1069
VA,Richmond County,51159,895
VA,Roanoke County,51161,894
VA,Rockbridge County,51163,842
VA,Rockingham County,51165,927
VA,Russell County,51167,720
VA,Scott County,51169,717
VA,Shenandoah County,51171,848
VA,Smyth County,51173,789
VA,Southampton County,51175,910
VA,Spotsylvania County,51177,1803
VA,Stafford County,51179,1803
VA,Surry County,51181,730
VA,Sussex County,51183,1365
VA,Tazewell County,51185,689
VA,Warren County,51187,887
VA,Washington County,51191,717
VA,Westmoreland County,51193,897
VA,Wise County,51195,734
VA,Wythe County,51197,695
VA,York County,51199,1287
VA,Alexandria city,51510,1803
VA,Bristol city,51520,717
VA,Buena Vista city,51530,842
VA,Charlottesville city,51540,1415
VA,Chesapeake city,51550,1287
VA,Colonial Heights city,51570,1365
VA,Covington city,51580,753
VA,Danville city,51590,719
VA,Emporia city,51595,737
VA,Fairfax city,51600,1803
VA,Falls Church city,51610,1803
VA,Franklin city,51620,910
VA,Fredericksburg city,51630,1803
VA,Galax city,51640,732
VA,Hampton city,51650,1287
VA,Harrisonburg city,51660,927
VA,Hopewell city,51670,1365
VA,Lexington city,51678,842
VA,Lynchburg city,51680,966
VA,Manassas city,51683,1803
VA,Manassas Park city,51685,1803
VA,Martinsville city,51690,701
VA,Newport News city,51700,1287
VA,Norfolk city,51710,1287
VA,Norton city,51720,734
VA,Petersburg city,51730,1365
VA,Poquoson city,51735,1287
VA,Portsmouth city,51740,1287
VA,Radford city,51750,999
VA,Richmond city,51760,1365
VA,Roanoke city,51770,894
VA,Salem city,51775,894
VA,Staunton city,51790,987
VA,Suffolk city,51800,1287
VA,Virginia Beach city,51810,1287
VA,Waynesboro city,51820,987
VA,Williamsburg city,51830,1287
VA,Winchester city,51840,1104
WA,Adams County,53001,854
WA,Asotin County,53003,860
WA,Benton County,53005,1206
WA,Chelan County,53007,1153
WA,Clallam County,53009,951
WA,Clark County,53011,1776
WA,Columbia County,53013,847
WA,Cowlitz County,53015,1109
WA,Douglas County,53017,1153
WA,Ferry County,53019,718
WA,Franklin County,53021,1206
WA,Garfield County,53023,792
WA,Grant County,53025,881
WA,Grays Harbor County,53027,898
WA,Island County,53029,1236
WA,Jefferson County,53031,1080
WA,King County,53033,2269
WA,Kitsap County,53035,1559
WA,Kittitas County,53037,1049
WA,Klickitat County,53039,939
WA,Lewis County,53041,964
WA,Lincoln County,53043,821
WA,Mason County,53045,1040
WA,Okanogan County,53047,828
WA,Pacific County,53049,846
WA,Pend Oreille County,53051,788
WA,Pierce County,53053,1603
WA,San Juan County,53055,1266
WA,Skagit County,53057,1279
WA,Skamania County,53059,1776
WA,Snohomish County,53061,2269
WA,Spokane County,53063,1012
WA,Stevens County,53065,756
WA,Thurston County,53067,1554
WA,Wahkiakum County,53069,912
WA,Walla Walla County,53071,1107
WA,Whatcom County,53073,1306
WA,Whitman County,53075,891
WA,Yakima County,53077,997
WV,Barbour County,54001,755
WV,Berkeley County,54003,916
WV,Boone County,54005,755
WV,Braxton County,54007,645
WV,Brooke County,54009,678
WV,Cabell County,54011,815
WV,Calhoun County,54013,685
WV,Clay County,54015,816
WV,Doddridge County,54017,688
WV,Fayette County,54019,683
WV,Gilmer County,54021,651
WV,Grant County,54023,645
WV,Greenbrier County,54025,687
WV,Hampshire County,54027,1104
WV,Hancock County,54029,678
WV,Hardy County,54031,685
WV,Harrison County,54033,836
WV,Jackson County,54035,707
WV,Jefferson County,54037,836
WV,Kanawha County,54039,816
WV,Lewis County,54041,755
WV,Lincoln County,54043,646
WV,Logan County,54045,755
WV,McDowell County,54047,673
WV,Marion County,54049,812
WV,Marshall County,54051,714
WV,Mason County,54053,733
WV,Mercer County,54055,690
WV,Mineral County,54057,736
WV,Mingo County,54059,645
WV,Monongalia County,54061,862
WV,Monroe County,54063,738
WV,Morgan County,54065,814
WV,Nicholas County,54067,690
WV,Ohio County,54069,714
WV,Pendleton County,54071,685
WV,Pleasants County,54073,645
WV,Pocahontas County,54075,685
WV,Preston County,54077,862
WV,Putnam County,54079,826
WV,Raleigh County,54081,711
WV,Randolph County,54083,645
WV,Ritchie County,54085,704
WV,Roane County,54087,755
WV,Summers County,54089,645
WV,Taylor County,54091,712
WV,Tucker County,54093,755
WV,Tyler County,54095,762
WV,Upshur County,54097,708
WV,Wayne County,54099,815
WV,Webster County,54101,645
WV,Wetzel County,54103,703
WV,Wirt County,54105,792
WV,Wood County,54107,792
WV,Wyoming County,54109,705
WI,Adams County,55001,689
WI,Ashland County,55003,715
WI,Barron County,55005,718
WI,Bayfield County,55007,738
WI,Brown County,55009,841
WI,Buffalo County,55011,720
WI,Burnett County,55013,724
WI,Calumet County,55015,772
WI,Chippewa County,55017,833
WI,Clark County,55019,689
WI,Columbia County,55021,779
WI,Crawford County,55023,776
WI,Dane County,55025,1182
WI,Dodge County,55027,768
WI,Door County,55029,779
WI,Douglas County,55031,868
WI,Dunn County,55033,734
WI,Eau Claire County,55035,833
WI,Florence County,55037,809
WI,Fond du Lac County,55039,796
WI,Forest County,55041,689
WI,Grant County,55043,701
WI,Green County,55045,725
WI,Green Lake County,55047,689
WI,Iowa County,55049,751
WI,Iron County,55051,703
WI,Jackson County,55053,806
WI,Jefferson County,55055,812
WI,Juneau County,55057,721
WI,Kenosha County,55059,1071
WI,Kewaunee County,55061,841
WI,La Crosse County,55063,866
WI,Lafayette County,55065,751
WI,Langlade County,55067,689
WI,Lincoln County,55069,705
WI,Manitowoc County,55071,689
WI,Marathon County,55073,776
WI,Marinette County,55075,705
WI,Marquette County,55077,689
WI,Menominee County,55078,716
WI,Milwaukee County,55079,979
WI,Monroe County,55081,811
WI,Oconto County,55083,737
WI,Oneida County,55085,807
WI,Outagamie County,55087,772
WI,Ozaukee County,55089,979
WI,Pepin County,55091,689
WI,Pierce County,55093,1327
WI,Polk County,55095,776
WI,Portage County,55097,762
WI,Price County,55099,689
WI,Racine County,55101,842
WI,Richland County,55103,779
WI,Rock County,55105,841
WI,Rusk County,55107,691
WI,St. Croix County,55109,1327
WI,Sauk County,55111,877
WI,Sawyer County,55113,716
WI,Shawano County,55115,728
WI,Sheboygan County,55117,781
WI,Taylor County,55119,700
WI,Trempealeau County,55121,699
WI,Vernon County,55123,703
WI,Vilas County,55125,712
WI,Walworth County,55127,843
WI,Washburn County,55129,699
WI,Washington County,55131,979
WI,Waukesha County,55133,979
WI,Waupaca County,55135,745
WI,Waushara County,55137,689
WI,Winnebago County,55139,779
WI,Wood County,55141,696
WY,Albany County,56001,841
WY,Big Horn County,56003,747
WY,Campbell County,56005,934
WY,Carbon County,56007,808
WY,Converse County,56009,776
WY,Crook County,56011,817
WY,Fremont County,56013,779
WY,Goshen County,56015,711
WY,Hot Springs County,56017,689
WY,Johnson County,56019,856
WY,Laramie County,56021,917
WY,Lincoln County,56023,689
WY,Natrona County,56025,893
WY,Niobrara County,56027,705
WY,Park County,56029,772
WY,Platte County,56031,772
WY,Sheridan County,56033,876
WY,Sublette County,56035,808
WY,Sweetwater County,56037,907
WY,Teton County,56039,1326
WY,Uinta County,56041,689
WY,Washakie County,56043,689
WY,Weston County,56045,806
AS,American Samoa,60999,744
GU,Guam,66010,1326
MP,Northern Mariana Islands,69999,732
PR,Adjuntas Municipio,72001,467
PR,Aguada Municipio,72003,453
PR,Aguadilla Municipio,72005,453
PR,Aguas Buenas Municipio,72007,583
PR,Aibonito Municipio,72009,458
PR,Aasco Municipio,72011,453
PR,Arecibo Municipio,72013,464
PR,Arroyo Municipio,72015,406
PR,Barceloneta Municipio,72017,583
PR,Barranquitas Municipio,72019,458
PR,Bayamn Municipio,72021,583
PR,Cabo Rojo Municipio,72023,425
PR,Caguas Municipio,72025,511
PR,Camuy Municipio,72027,464
PR,Canvanas Municipio,72029,583
PR,Carolina Municipio,72031,583
PR,Catao Municipio,72033,583
PR,Cayey Municipio,72035,511
PR,Ceiba Municipio,72037,549
PR,Ciales Municipio,72039,458
PR,Cidra Municipio,72041,511
PR,Coamo Municipio,72043,421
PR,Comero Municipio,72045,583
PR,Corozal Municipio,72047,583
PR,Culebra Municipio,72049,421
PR,Dorado Municipio,72051,583
PR,Fajardo Municipio,72053,549
PR,Florida Municipio,72054,583
PR,Gunica Municipio,72055,421
PR,Guayama Municipio,72057,406
PR,Guayanilla Municipio,72059,421
PR,Guaynabo Municipio,72061,583
PR,Gurabo Municipio,72063,511
PR,Hatillo Municipio,72065,464
PR,Hormigueros Municipio,72067,474
PR,Humacao Municipio,72069,583
PR,Isabela Municipio,72071,453
PR,Jayuya Municipio,72073,421
PR,Juana Daz Municipio,72075,467
PR,Juncos Municipio,72077,583
PR,Lajas Municipio,72079,425
PR,Lares Municipio,72081,453
PR,Las Maras Municipio,72083,474
PR,Las Piedras Municipio,72085,583
PR,Loza Municipio,72087,583
PR,Luquillo Municipio,72089,549
PR,Manat Municipio,72091,583
PR,Maricao Municipio,72093,421
PR,Maunabo Municipio,72095,583
PR,Mayagez Municipio,72097,474
PR,Moca Municipio,72099,453
PR,Morovis Municipio,72101,583
PR,Naguabo Municipio,72103,583
PR,Naranjito Municipio,72105,583
PR,Orocovis Municipio,72107,458
PR,Patillas Municipio,72109,406
PR,Peuelas Municipio,72111,421
PR,Ponce Municipio,72113,467
PR,Quebradillas Municipio,72115,464
PR,Rincn Municipio,72117,453
PR,Ro Grande Municipio,72119,583
PR,Sabana Grande Municipio,72121,425
PR,Salinas Municipio,72123,421
PR,San Germn Municipio,72125,425
PR,San Juan Municipio,72127,583
PR,San Lorenzo Municipio,72129,511
PR,San Sebastin Municipio,72131,453
PR,Santa Isabel Municipio,72133,421
PR,Toa Alta Municipio,72135,583
PR,Toa Baja Municipio,72137,583
PR,Trujillo Alto Municipio,72139,583
PR,Utuado Municipio,72141,453
PR,Vega Alta Municipio,72143,583
PR,Vega Baja Municipio,72145,583
PR,Vieques Municipio,72147,421
PR,Villalba Municipio,72149,467
PR,Yabucoa Municipio,72151,583
PR,Yauco Municipio,72153,421
VI,St. Croix,78010,1106
VI,St. John,78020,1707
VI,St. Thomas,78030,1249
